tag,name,trophies,explevel,arena,clan
#2Q9JG29RL,Sofiane,10504,71,Royal Road,WeNeedBLΘΘD
#QQJRU28P,Mohamed Light,10150,72,Lumberlove Cabin,Eternal Order
#Y022GRCJQ,CAL SandBox,11521,85,Summit of Heroes,toma toma
#PCJ29YJJ,Samuel Bassotto,10000,74,Lumberlove Cabin,Top Flame
#CPLGLPU80,Sosaa in this B,10774,66,Royal Road,Good Manners
#2LQ2YP98,SK xopxsam,11500,84,Summit of Heroes,Familie Rehwald
#V9QVYG98Y,WR⚡DENISITO爱H♥️,9764,62,Legendary Arena,NoA
#VCQUY9Y8U,Fantastic,10000,59,Lumberlove Cabin,WALKING LEGENDS
#G0CYJ00J,Nicoco23,10830,79,Royal Road,LUX✨Light
#C2RL0PYLV,八哭｜Furina❤️紫棋,10538,79,Royal Road,天空没有极限
#VG0QQ9PQ9,Brazilian storm,9185,64,Valkalla,No Clan
#G90YGCY0V,CHAMP IS BACK,10639,80,Royal Road,No Clan
#J02VCV2C0,Asafy☔️,8059,63,Clash Fest,No Clan
#VYU0L0YGQ,<c3>Kawasaki,10091,74,Lumberlove Cabin,Klansaki
#RCG9RJRJ,"Sorry, Go Home",10000,62,Lumberlove Cabin,Granny Hipps
#9JPPG9QRG,KeremIsGod⭐,10011,79,Lumberlove Cabin,TheImpactGaming
#VR90898,Rainbow,10089,76,Lumberlove Cabin,No Clan
#URG920LY8,有血性的 Agony,10000,56,Lumberlove Cabin,straw hats
#UYL8820RJ,Flash Light,10000,76,Lumberlove Cabin,Sunlight
#UGP2UCQ8Q,AgonyKing,10000,61,Lumberlove Cabin,straw hats
#JV8208UJ9,UNknown,10030,72,Lumberlove Cabin,Langosta
#PC2RUYYYQ,omar,10000,74,Lumberlove Cabin,Live on Tiktok
#208R8PQJP9,Tanjiro,10000,69,Lumberlove Cabin,No Clan
#CVVCU2JJ8,fan,11000,72,Musketeer Street,Sunlight
#2Q2QCYLPR,REV┃ Yoru,10000,79,Lumberlove Cabin,morning dance
#JLY0CGU9J,ᴬˡᵉˣ,10419,71,Lumberlove Cabin,No Clan
#JJ0P22Y0Y,I Alex,10698,69,Royal Road,NoA
#V0G2JGUUR,Mohamed✨Kun,6872,66,Silent Sanctuary,Majestic lords
#22VPV8GRC,律师Kun⚡️WALTER⚡️,10000,73,Lumberlove Cabin,NICA LEAGUE •
#898Y8PGJ9,evolve✨律师,11047,79,Musketeer Street,No Clan
#290VGG28,YT PedroTm CR,10122,75,Lumberlove Cabin,El salvador Top
#2QJUV8PYL,Mano golfinho,6572,66,Silent Sanctuary,WALKING LEGENDS
#290UQY8C,EG Soudy✨Kun,10000,80,Lumberlove Cabin,Majestic lords
#PJL8PCGCP,どくきのこ,11502,75,Summit of Heroes,No Clan
#80PJPGYG9,りく,11085,76,Musketeer Street,枯渇クラン
#G9YV9GR8R,Mohamed Light,11566,80,Summit of Heroes,No Clan
#RJ88Y8U08,CAL Pedro™️✨白影,11500,78,Summit of Heroes,Te amo Pedro™
#2YLRGVVC,Distrughy 毀滅者,11847,82,Summit of Heroes,Romania Gods
#LU0U2QYG,Ewexx,10120,76,Lumberlove Cabin,WeNeedBLΘΘD
#22L8UUV0Q,HERO,11500,78,Summit of Heroes,change white
#VP9GJYQ2,garducho,11500,80,Summit of Heroes,BILUGA
#VCG2JVJ8C,Nooby❤️Bat,10000,57,Lumberlove Cabin,RT6
#2CLV2RP0,むぎったん,10873,83,Royal Road,No Clan
#YVJJL0JJ,✨Cheti✨,11508,78,Summit of Heroes,No Clan
#P8VUY20C,airsurfer,10000,70,Legendary Arena,ホワイトルシアン❤
#9CPCC890,adriel,11500,78,Summit of Heroes,No Clan
#V2YPU2VRR,LF丨绘梨衣✨柒安❤️和韧,10000,73,Lumberlove Cabin,遇到难回答的问题又不说话了？
#JJPV0YP0Y,Clarent,10000,56,Lumberlove Cabin,Clan #RUPQGLQY
#V2J08V0U0,νονης♥️ 野猪奧,10000,58,Lumberlove Cabin,No Clan
#G0LP8UVQ8,미친❤Hugo✨Drill,11939,75,Summit of Heroes,puras copa D
#CR8P920CC,ALVA❤️Gzxˇ,10149,82,Lumberlove Cabin,勇者小皮卡大人
#2UJ2QQJJP,Takuma,10095,75,Lumberlove Cabin,WALKING LEGENDS
#U2LYQJQVY,Light Work,11508,77,Summit of Heroes,Sunlight
#Y9R22RQ2,Ian77,10061,82,Lumberlove Cabin,Junkyard
#GUPVGVQQV,Rüdiger,6178,61,Royal Crypt,No Clan
#UQVL90CQQ,路易十二,10762,70,Royal Road,邪恶大头屠夫钻
#ULR9Y9L2Y,Heisenberg,9471,79,Valkalla,SmokedOut
#RVPGYVQJ8,789_Teppa,10000,76,Lumberlove Cabin,No Clan
#UP2GPP9Q2,BMW,10000,71,Lumberlove Cabin,ROYAL KINGS
#QVGJUJLC,限りない,10009,72,Lumberlove Cabin,Granny Hipps
#P8P0Q8CJ,Turan✨,11620,76,Summit of Heroes,YT Turan CR
#RG882QGUG,Trainer Simon,10498,72,Lumberlove Cabin,Alpha Warriors
#8QUVYC0G,Levin汁,11500,79,Summit of Heroes,Good Manners
#LLYGJL0R,Scofield✨,10000,63,Lumberlove Cabin,LimiT eSports
#QRYJLJG2,이웩스,8940,64,PANCAKES!,WeFearBLΘΘD
#UG0J8RGU9,droy,11260,79,Musketeer Street,dixon mckinley
#RRLV0GQCV,ZQuentino,11500,78,Summit of Heroes,WeTakeBLΘΘD
#C0V0UQ9UY,Ryley,10030,75,Lumberlove Cabin,WALKING LEGENDS
#9ULPU0QL,⭐️ʟᴜᴍɪɴᴀʀʏ⭐️,11023,80,Musketeer Street,Flaibanistas
#9CRYPG9VQ,Bruno sem gemas,11821,65,Summit of Heroes,⭐50 STARS⭐
#QVPJRV,SaintBelikin,11506,78,Summit of Heroes,APUK
#LP8PLVJCU,たぁ,11500,82,Summit of Heroes,YT:たぁ
#R09228V,SK Morten,10236,84,Lumberlove Cabin,sahnenmann
#RCURY2U,arhat123,10000,74,Lumberlove Cabin,YT: arhat123
#CL0CGQLQL,PedroPedreiro,10180,64,Lumberlove Cabin,GAME OF LORDS
#R0CL8LPCL,Code: Vader,10359,76,Lumberlove Cabin,Junkyard
#9RYCQGVCJ,꧁✭issei✭꧂,10474,80,Lumberlove Cabin,Isseiの独り言
#YQVCGQ8C8,MaaD.,7270,61,Dragon Spa,No Clan
#V9U9LQJ02,✨火王Fireking✨,10000,76,Lumberlove Cabin,昨夜烟雨一笑间［分部］
#V8ULJYCP8,GOP丨微风の回响✨奶茶,10736,71,Royal Road,Pl don't be sad
#U8RYGC8GU,Polaris,11500,75,Summit of Heroes,Good Manners
#R2RR9J08,T-Bag,10000,77,Lumberlove Cabin,No Clan
#RUQ0JU2P,Asaf,10000,78,Lumberlove Cabin,No Clan
#L8999VJC,CODE: Hypno,11428,78,Musketeer Street,Good Manners
#C89G2280Q,列车❄️チルノ,10000,67,Lumberlove Cabin,从零开始的异世界✨
#220J8JRJ,KING がぼ,11614,81,Summit of Heroes,Maratonci
#QPG2CPCY8,⚡️youness36⚡️,10000,66,Legendary Arena,No Clan
#V02VR8JVP,Turi✨shiimy’宙斯,6579,63,Silent Sanctuary,TwitchTouristCR
#22Q8LLU8J,kodigogg,11500,81,Summit of Heroes,No Clan
#UC0QJ2CU9,Hypno ❤️ Nermin,10018,68,Lumberlove Cabin,QuantuM FluX
#UJU9UUJLC,skill issue ni,10030,60,Lumberlove Cabin,QuantuM FluX
#8VJ80YQGG,[ Jandro TC ],11500,78,Summit of Heroes,Clandro TC
#LJQVVVQGR,REV I Mateja,10206,72,Lumberlove Cabin,twitch live
#J8YY8G9Y8,✨快大｜Shine✨✨,10180,69,Lumberlove Cabin,! The Envied
#U9VVGU229,Defineci✨马巴,10120,63,Lumberlove Cabin,Systematic
#P8LRG9UP,✖HuntER™,10120,81,Lumberlove Cabin,! ShocK-13 !
#YC98UYCV,Morter,7923,76,Boot Camp,dixon mckinley
#U9UG9UUV0,WL✨Mohamed✨奶茶,9101,69,Valkalla,Good Manners
#C00CRGG2P,Lens,10000,74,Lumberlove Cabin,CZ ARMY
#90288UPQ0,✨ Black Adam ✨,11241,78,Musketeer Street,WClash N 2nd St
#PL9L0UYC,Kazuha,10000,67,Legendary Arena,No Clan
#99RU2GQV0,Nova I FURIOUS™,10268,68,Lumberlove Cabin,No Clan
#22U9C0GP9,Umed Gurjar,10000,62,Legendary Arena,India
#UJLGL8PVL,brad d oil,10000,69,Lumberlove Cabin,goon academy
#LGQYYYCVY,BFM❤️Abhishek,11201,61,Musketeer Street,Beg For Mercy
#GJYPYYGR,Excalibur,10000,72,Lumberlove Cabin,Stars Elite
#8P8YQ2PY,don & john,10000,72,Lumberlove Cabin,Chain SmokerS
#8902RCLJ,Krish Ajmera,10030,73,Lumberlove Cabin,TapuXRoy
#2PJPURJPR,NØ RØY,9963,78,Legendary Arena,No Clan
#P899CY8U,★L̸e̸g̸e̸n̸d̸☆,10510,72,Royal Road,HARD INDIANS...
#RLG00JR9,Navjot,11679,77,Summit of Heroes,Dr. Carter
#2PJURUQ9,Tanay_18,10243,69,Lumberlove Cabin,No Contest
#9J092U8,Patapon,10736,66,Royal Road,Clan Ryli
#2Y0CJ9RYU,Nutty Putty,10000,64,Lumberlove Cabin,Maritime Era.
#CQ882QP8G,felix,10000,60,Lumberlove Cabin,Samenbomber
#P900029C8,Drex,6687,65,Silent Sanctuary,No Clan
#VC22LPRQR,Aryan,10240,65,Lumberlove Cabin,AL Zenith
#P2JPGJUCU,Neel,10864,75,Royal Road,braddady
#8G9GJQRVQ,DK,11557,78,Summit of Heroes,☠️GÁLÂT CLÃN☠️✨
#99URCGU0V,IA❤️FALAK,11033,78,Musketeer Street,BeingHuman
#2PPPLU0RQ,Tamil™,11345,76,Musketeer Street,Beg For Mercy
#8QQUYY9PG,SIRUS✨️,11002,68,Musketeer Street,No Clan
#G8YYPQG2U,BFM❤️Ronin,10061,72,Lumberlove Cabin,Beg For Mercy
#9JYR0CLR9,GrimReaper,11000,68,Musketeer Street,Clanberry
#RJJ2GC0J,ELECTRO GIANT™,10637,74,Royal Road,INDIAN SLAYERS
#PVL2PVQ9C,ⱠɆ₲Ɇ₦Đ₳ⱤɎ₲Ø₲,11500,75,Summit of Heroes,ELITE INDIANS
#LQY0VG0VG,4>wms,10030,67,Lumberlove Cabin,Mortar Cycle
#PPQYY2P2,✨Sagar✨,10647,73,Royal Road,KING OF NIGHT
#LV8GLCL9G,BFM❤️STORM✨,11000,73,Musketeer Street,Beg For Mercy
#JQ08QP9G,RIZAL,10235,66,Lumberlove Cabin,Marco'sBasement
#L0JU0GLV0,sonu uttrakhand,10614,73,Royal Road,ELITE INDIANS
#PU9L9R08,I'mOnFire,10000,72,Lumberlove Cabin,ROYALE VILLAGE™
#9PP92YYL,berserk✨魔神,10292,71,Lumberlove Cabin,Night Kingdom™️
#JPCVLRVPQ,Sirus♥️Alone,10000,56,Lumberlove Cabin,HARD INDIANS...
#2JQ8P02P,POKEMASTER SAP,10148,61,Lumberlove Cabin,Shirley Setia
#PP8PQU9VY,AJ Styles,11036,75,Musketeer Street,Les Québécois
#9PV8JG208,NOVA | YUSH,10000,55,Lumberlove Cabin,♣️Eclipse™️
#9PLUPJQYC,PureGamer کشمیر,10616,70,Royal Road,WinterRose
#2C8YUL0VU,The Legend,11034,77,Musketeer Street,Indian force
#Q92LU0928,TG❤️ASAP,10815,74,Royal Road,Tamil Gang
#8UC9090L,Madara Uchiha,10000,61,Lumberlove Cabin,KHOONI DARINDEY
#20QG8V9UP,moksh,10000,60,Lumberlove Cabin,The Titans Zonk
#8LY8YYVYV,ＳＨＡＤＹ✨七転び八起き,10510,71,Royal Road,☠️GÁLÂT CLÃN☠️✨
#90JRLCRQ,light,11298,81,Musketeer Street,The Titans Zonk
#8Q9LPLY9G,ミᶦᶰᵈPяa†ik龍™,11305,76,Musketeer Street,ELITE INDIANS
#PQQP0PVRR,Anirudh,10359,68,Lumberlove Cabin,i!!i
#9CP2982PJ,❄️MAJORxFrost☃️,9060,67,Valkalla,ROGUE WARRIORS
#2CG2RLUV,丈夫Glad✨,10150,76,Lumberlove Cabin,Same Ol' Fig
#9J00GQVUL,Aun,10679,78,Royal Road,GoldFlake KINGS
#2RJ88Y0U8,AK$H@T PATEL,10801,66,Royal Road,The Falcons
#2U0JUQRUG,Mojo Jojo ☠️☠️,10329,71,Lumberlove Cabin,CZ ARMY
#JJCL0UQ2,Tyson,11129,75,Musketeer Street,A A
#URQ89UPQ,krrish,10000,66,Lumberlove Cabin,No Clan
#RQ0J8GLLJ,king CR,10766,73,Royal Road,yt : king cr
#U0VJ28RU0,❤️月满西楼❤️,11527,78,Summit of Heroes,⚜️無与伦比⚜️
#2RUPUYJ2R,Sanjay Gurjar,10000,66,Legendary Arena,No Clan
#2UUG0UYU,Drogba11,11057,74,Musketeer Street,Citrine I
#2RUYRGR0Q,ASSASINATOR,11405,78,Musketeer Street,YT:ArcherMaster
#2PYQQYUJ9,Yash I ヤシュ,10506,63,Royal Road,Room 122
#CR008GQYV,EDITH,10330,68,Lumberlove Cabin,HARD INDIANS...
#YUPPPVY8Y,BFM❤️__Histe__,10603,70,Royal Road,Beg For Mercy
#9QPQURG9C,Shivananda,11193,78,Musketeer Street,Serious Noobs
#88R0JU8,dojo,10000,66,Legendary Arena,No Clan
#CCYP992CJ,RR丨FRICE,11007,74,Musketeer Street,Night Kingdom™️
#LRJ9U82RC,Delacróix,10000,71,Lumberlove Cabin,COAST
#2C88LCCUP,The Red Devil,10911,76,Royal Road,Cunning Savages
#9U2GQ0VQ9,<c4>YsoCERIOUS?,10030,73,Lumberlove Cabin,No Clan
#2Y0RPPVCJ,ishu,10686,64,Royal Road,M3
#LCPP98U9G,VALKYRIE LOVER,10061,71,Lumberlove Cabin,INDIANS
#YPJGUGRP0,Popcorn,10299,75,Lumberlove Cabin,INDIAN LIONS
#2QGUG88JU,Tyler Blaze,10174,76,Lumberlove Cabin,Game of War OGs
#PJVUCYU0,vinay,11124,80,Musketeer Street,INDIAN LIONS
#L8V82JY0V,JS-,10729,76,Royal Road,Vitamin Shop
#8LUV82L9J,GodFather,10000,67,Legendary Arena,royal indians
#Q0UVCQLL8,Jerome2.0♟️,10000,70,Lumberlove Cabin,TABANCA
#8L0YUC2PP,Đ₳ⱤҜꭘ฿乇₳₴T̷,10000,65,Legendary Arena,No Clan
#PVQ8R9RQC,knight rider,10530,64,Royal Road,Beg For Mercy
#28022PYGC,Daddy❤️Ur Mom,10030,69,Lumberlove Cabin,DRAGONS
#Q9UURPUGP,ELiTE,10763,71,Royal Road,strawhatpirates
#2QLRVVLGC,FE4Я I Ł→ūpiИ™,10341,70,Lumberlove Cabin,INFERNO
#L0Y2CPVQ,Spider-Man,10590,74,Royal Road,Meow
#LCC8Q90R8,✨Isolated™,10559,61,Royal Road,백전백승
#J8VVU282,Santhosh Sivan,11025,78,Musketeer Street,Tamil Gang
#Q80U2UUUQ,Muthu,10607,69,Royal Road,WELT ESPORTS
#Q208VRGJ8,deathnoteuk07,10000,67,Lumberlove Cabin,INDIAN ARMY
#PYCYUC9G0,CR❤️CHAMP YT,11000,70,Musketeer Street,CR CHAMP ARMY
#U98U22QQP,Classy✨️,10001,65,Lumberlove Cabin,PEAKY♨️BLINDERS
#PP9U0GYYL,Master★Miner,10000,62,Legendary Arena,No Clan
#U2UP8CR8Y,rrrr,10551,62,Royal Road,THE IMMORTAL 50
#90LG9L98,om,10944,75,Royal Road,THE IMMORTAL 50
#2RYUPRP0J,Inferno Dragon,10810,76,Royal Road,THE IMMORTAL 50
#VRL2J8LY,DarshisGoD,10555,73,Royal Road,Tactical Tilt
#P920JGLG2,✨卩|ㄚㄩ丂卄❦︎,10500,63,Royal Road,THE IMMORTAL 50
#QJCYV900V,-BANKSY-,10187,70,Lumberlove Cabin,papuuuu
#2V09JR22Y,I ME MYSELF,10000,59,Lumberlove Cabin,No Clan
#CVC89LVJ,GamedegreeYT,10648,76,Royal Road,THE IMMORTAL 50
#GUVYCCCLU,world king,10153,60,Lumberlove Cabin,THE IMMORTAL 50
#YL0ULQUL,RISHABH-my,10173,57,Lumberlove Cabin,THE IMMORTAL 50
#2889QYJ9G,chirag is new,10152,60,Lumberlove Cabin,India
#LG9LQYJR9,RAgsTooRich,10269,55,Lumberlove Cabin,1 INDIA
#PLL8U9QCV,saksham,10308,63,Lumberlove Cabin,THE IMMORTAL 50
#9LPR9PVQ,I_AM_SWAPY,10894,68,Royal Road,THE IMMORTAL 50
#2Q0J92R0L,wreckツ,10119,57,Lumberlove Cabin,No Clan
#G8QJCCP0G,_MIHAWK_,10256,60,Lumberlove Cabin,THE IMMORTAL 50
#G2UG0UP,GoJĪTa,10429,69,Lumberlove Cabin,THE IMMORTAL 50
#9QRPYC9PY,TAMILAN,10120,54,Lumberlove Cabin,THE IMMORTAL 50
#VYYG20RQV,Efxakshut,10120,51,Lumberlove Cabin,Andhra
#LYUJLUJ2C,《★Baba Yaga★》,10118,58,Lumberlove Cabin,THE IMMORTAL 50
#L9VJC989V,Darshan,10328,64,Lumberlove Cabin,THE IMMORTAL 50
#CLRULYP,SANDIP,10174,69,Lumberlove Cabin,THE IMMORTAL 50
#9PJQ0VRY,ਗਿੱਲ,10267,69,Lumberlove Cabin,THE IMMORTAL 50
#PV9QV0CJC,cprakash,10270,64,Lumberlove Cabin,THE IMMORTAL 50
#GLQLRUR00,punisher,10536,68,Royal Road,2.6 HOG™
#90QVPCUC9,Parth,10151,59,Lumberlove Cabin,THE IMMORTAL 50
#JJ280RGQJ,I:larry,10554,63,Royal Road,Farabi
#U2LL8LPC,Dragon,10000,55,Legendary Arena,No Clan
#9P2YQ929R,CAPTEN,10112,68,Lumberlove Cabin,JewGamealot
#202J28QYR,✨SumanDas✨,10354,64,Lumberlove Cabin,THE IMMORTAL 50
#RGCCC8PCP,King,10119,62,Lumberlove Cabin,$VIP$GANG$
#8V9Y9RUU9,Pⓐⓑⓛⓞ ⓔⓢⓒⓞⓑⓐⓡ,10273,63,Lumberlove Cabin,THE IMMORTAL 50
#8P0RYQJL0,<c5>Bloodshot,10509,65,Royal Road,THE IMMORTAL 50
#2V00LR22,ivara,10205,61,Lumberlove Cabin,THE IMMORTAL 50
#YQQCLPCR2,mortal,10206,61,Lumberlove Cabin,THE IMMORTAL 50
#9UQQC2PVJ,Nani,10269,58,Lumberlove Cabin,THE IMMORTAL 50
#2VY2GGVLR,IG_Rūtvìk,10758,56,Royal Road,THE IMMORTAL 50
#QUVPJLYP,Arhaan,10030,55,Lumberlove Cabin,THE IMMORTAL 50
#UPL0U2Q8,ANGAD,10141,60,Lumberlove Cabin,THE IMMORTAL 50
#C0GJVU9,PRIT∆M K∆RM∆K∆R,10179,71,Lumberlove Cabin,THE IMMORTAL 50
#2QLRV0UPP,harshul,10260,63,Lumberlove Cabin,No Clan
#Q82CQ2VP8,machine,10120,63,Lumberlove Cabin,THE IMMORTAL 50
#YJJG2RJLC,avio,10059,72,Lumberlove Cabin,THE IMMORTAL 50
#G22PGY9R0,LH Thor,10000,60,Lumberlove Cabin,THE IMMORTAL 50
#UGGUYPLVL,Jarvis,10152,50,Lumberlove Cabin,THE IMMORTAL 50
#8Q2URLR2C,SanchoLiveYT,10315,67,Lumberlove Cabin,THE IMMORTAL 50
#990LLRP0,Pranjal,10055,64,Lumberlove Cabin,THE IMMORTAL 50
#8Q2URLR2C,SanchoLiveYT,10315,67,Lumberlove Cabin,THE IMMORTAL 50
#990LLRP0,Pranjal,10055,64,Lumberlove Cabin,THE IMMORTAL 50
#8CQLVP8,Juventino #99,10143,61,Lumberlove Cabin,THE IMMORTAL 50
#2CVYGPQL8,BHEEMSEN BOSS,10087,59,Lumberlove Cabin,No Clan
#Q0VVJY8CV,S8ULshivam,10000,52,Legendary Arena,No Clan
#980J0CGLJ,♠ANIT♠,10500,76,Royal Road,INDIANS
#RCPU0GYQU,hash,10000,60,Lumberlove Cabin,INDIANS
#8YYGRVGJ,The immortal 46,10827,77,Royal Road,INDIANS
#JLLC9UV,aadi_the-brutal,10296,74,Lumberlove Cabin,INDIANS
#8RYYCUVCU,shaurya,10030,48,Lumberlove Cabin,INDIANS
#9YV00LCC9,faz,10277,62,Lumberlove Cabin,INDIANS
#9L0PYLLQL,DARK,10383,62,Lumberlove Cabin,MINEIROS
#CCYCPGPJL,DESTROYER,10212,65,Lumberlove Cabin,RISING PHOENIX
#2VGYJ90GR,suhrit,10000,62,Legendary Arena,ak sigh
#GRVVYJLY,YAMASURA,10175,59,Lumberlove Cabin,INDIANS
#2PPYR2RRV,Aman,10418,74,Lumberlove Cabin,INDIANS
#CL2YLGPL0,Muhammad Shakki,10004,58,Lumberlove Cabin,INDIANS
#GGUC8VYP0,Arav999,10150,56,Lumberlove Cabin,INDIANS
#YUUQ2CY2C,Mr.SaiTamA,10596,71,Royal Road,INDIANS
#9JUJVYQU9,अनंतविजय,10500,69,Royal Road,69 Moons Tech.
#8VU9CJC8,atul napoleon,10203,62,Lumberlove Cabin,INDIANS
#GJV990R8Q,lord bibek,10000,57,Legendary Arena,No Clan
#P8J2J9L2,EKÀNSH,10527,68,Royal Road,strangers
#Q02VPCPYJ,ASHGAMING,10242,57,Lumberlove Cabin,INDIANS
#2JVR02920,Srv,10000,66,Lumberlove Cabin,INDIANS
#29R2JYVYG,Rocky,10535,61,Royal Road,INDIANS
#9CC2RYPUG,ansh,10500,64,Royal Road,INDIANS
#2YUPQGQU,Sudheer,10179,71,Lumberlove Cabin,INDIANS
#8GLP90Q9,Zorozz,10057,62,Lumberlove Cabin,INDIANS
#9PQQ2PPYL,SATYAM,10000,61,Lumberlove Cabin,INDIANS
#22R88PYVV,bond1,10085,60,Lumberlove Cabin,INDIANS
#J2LJCR8P,100rabh,10258,65,Lumberlove Cabin,Death Squad
#8J2298JVQ,Psycho,10235,59,Lumberlove Cabin,INDIANS
#8VLYQ2R0,GHOST WARRIOR,10546,72,Royal Road,INDIANS
#2PY89CGQ,EbY,10027,65,Lumberlove Cabin,INDIANS
#2PLPGG8L0,IR⚡OWAIS,10300,56,Lumberlove Cabin,KING KOHLI 18
#8JG9VLJU0,Stalin David,10209,68,Lumberlove Cabin,#BloodyKnights
#29QG8Q0C2,zeek,10176,60,Lumberlove Cabin,INDIANS
#P9CU9CYGR,R-ONE,10098,54,Lumberlove Cabin,WE THE CHAMPION
#PRP8P2JPQ,iheb,10000,62,Lumberlove Cabin,No Clan
#YY8UV0GP,AYUSH,10090,70,Lumberlove Cabin,INDIANS
#2PLLV0VRC,KING CHINMAY,10176,62,Lumberlove Cabin,INDIANS
#2CGJ9V2CV,Siddarth,10000,64,Lumberlove Cabin,No Clan
#PUJ8008Y,aure0685,10139,57,Lumberlove Cabin,INDIANS
#RJ89Q8J2,bond,10817,77,Royal Road,INDIANS
#8Q0R2Q88C,@ClashRoyale_Z,10143,62,Lumberlove Cabin,No Clan
#UJP8R0QLG,flash,10000,51,Lumberlove Cabin,No Clan
#V0LPYCJPC,Kirito,10097,57,Lumberlove Cabin,A 1
#9VGCJ0RGQ,anant,10000,56,Legendary Arena,No Clan
#2GV2RJPPP,Asher,10010,60,Lumberlove Cabin,echape2
#UR29YCRCL,Shivam,10146,62,Lumberlove Cabin,INDIANS
#28CPU9Y8P,JayZz,10000,70,Lumberlove Cabin,INDIANS
#UJ80U9J29,DarkWake,10000,58,Lumberlove Cabin,Office Blues
#GVJY2UG,™THE IMM◎®T@L★♡,10897,71,Royal Road,INDIANS
#QVUPCU0VU,Red Headed Crew,10000,54,Lumberlove Cabin,No Clan
#8CC92QRR,♥️ HANDSOME ♥️,10000,73,Lumberlove Cabin,CR_INDIA
#8GYLVR8Q,Avi,10000,68,Lumberlove Cabin,CR_INDIA
#90PGRGUC2,CR fan,10320,67,Lumberlove Cabin,TAMIL WARRIORS
#CQQJY9PR,$ui¢ideboy$,10389,62,Lumberlove Cabin,CR_INDIA
#Y9QYJJP,Thanos,10141,67,Lumberlove Cabin,Saiyajins
#QR8LL8LY,Aaryav,10505,59,Royal Road,No Clan
#GRLVU98P2,ALL MIGHTY,10061,65,Lumberlove Cabin,CR_INDIA
#Y80JY0V,Lucifer,10058,62,Lumberlove Cabin,T3RMINATOR — X
#2YYQJ9Q88,KAKAROT,10000,64,Lumberlove Cabin,No Clan
#9L9JYR9GQ,Oriental AAKASH,10512,71,Royal Road,CR_INDIA
#GU2CRC8L2,mr.jogi,10351,66,Lumberlove Cabin,CR_INDIA
#9YCCPP0Q,Pk!!!?,10030,59,Lumberlove Cabin,CR_INDIA
#9U92YUC0Q,PABLOGIRL,10000,63,Lumberlove Cabin,No Clan
#82QCU2JC,L3G3NDj,10144,54,Lumberlove Cabin,CR_INDIA
#PC0889GL,Kira,10000,57,Legendary Arena,No Clan
#GU2V8JQG,lemon chus le,10137,55,Lumberlove Cabin,BEG FOR MERCY 2
#CUCR082PG,Kabhoom,10212,67,Lumberlove Cabin,HARD INDIANS...
#Y2G92RL,hon3y,10118,51,Lumberlove Cabin,ThE DugouT
#88G88LUVR,LUISTENDO,10594,71,Royal Road,CR_INDIA
#GLRYP02GG,crlegends,10543,63,Royal Road,CR_INDIA
#8JV9RCGRC,harman167,10030,65,Lumberlove Cabin,No Clan
#QG9YVPRL0,IAMBADNINJA,10083,57,Lumberlove Cabin,COBRA KAI
#909QC0CQ,Rajput,10060,65,Lumberlove Cabin,CR_INDIA
#Q0YYR9QL2,Arnav op,10500,68,Royal Road,The Titans Zonk
#J8GGQVYR2,pushkar,10123,60,Lumberlove Cabin,No Clan
#2LPLJ0JGJ,jay,10000,58,Lumberlove Cabin,No Clan
#L8QUQ9RYQ,DARKRAY,10500,67,Royal Road,CR_INDIA
#VUCGP0R9,Rony Patel,10295,61,Lumberlove Cabin,BeASt_CLasHer
#8CCPU9JVL,HighBulba,10000,69,Lumberlove Cabin,FUNTERZZZ
#QG2GVL0V9,Miraj 17,10363,67,Lumberlove Cabin,CR_INDIA
#QJYVV82V,[CR]~DEADLORD,10422,69,Lumberlove Cabin,Bharat army
#8CQ290QLU,*ZIBRAIL*,10566,68,Royal Road,CR_INDIA
#8Y98C8CL,JweL!N,10348,68,Lumberlove Cabin,CR_INDIA
#8GLQCJYUR,j star,10206,68,Lumberlove Cabin,CR_INDIA
#J0G0U8J9P,RAGNAR,10267,66,Lumberlove Cabin,No Clan
#PJ9GUPR,KARMA,10000,56,Lumberlove Cabin,#hindustan
#20LPVJ0C,rahul,10292,69,Lumberlove Cabin,CR_INDIA
#RQ92L8U,SUNIL,10000,74,Lumberlove Cabin,#InDiAn EliTes
#GQGYCPVVQ,V. I. P,10065,60,Lumberlove Cabin,CR_INDIA
#P98GP029G,ASH,10209,68,Lumberlove Cabin,CR_INDIA
#8GGLJ9Y9,YASH,10502,73,Royal Road,LATENT
#YJRLLUQ9C,Montreal,10302,59,Lumberlove Cabin,KILLERS!
#892JYU8U,@heynikz,10266,62,Lumberlove Cabin,No Clan
#RPJVV2PV8,TOXIC,10163,60,Lumberlove Cabin,CR_INDIA
#V8QGQJ0,Siddhesh7,10000,65,Lumberlove Cabin,CR_INDIA
#9L9Y9QGCG,OGGY@aryan,10060,55,Lumberlove Cabin,No Clan
#20989JJGU,misar king,10000,56,Legendary Arena,No Clan
#9Y88CVRR0,EREN YEAGER,10288,64,Lumberlove Cabin,CR_INDIA
#2GQQL2JR8,Anmol,10000,70,Lumberlove Cabin,CR_INDIA
#9J892VPQL,Nikhil,10503,62,Royal Road,No Clan
#LYUCYPURY,D.E.L.T.A,10386,62,Lumberlove Cabin,Cool Man ThIngs
#9YPLY2VG9,PARTEEK,10243,59,Lumberlove Cabin,<<BAD BOYZ>>
#P00YLJV8G,plurr_warrior,10000,65,Lumberlove Cabin,<<BAD BOYZ>>
#U8QPP90GP,bobby,10560,62,Royal Road,<<BAD BOYZ>>
#YRUPRQ0,MrVeTTi,10033,65,Lumberlove Cabin,<<BAD BOYZ>>
#9JGL0PJQU,ob,10619,72,Royal Road,<<BAD BOYZ>>
#YPJUGLVY,tito,10091,64,Lumberlove Cabin,<<BAD BOYZ>>
#9GYLUQL9Y,venky,10000,66,Legendary Arena,No Clan
#Y0U00GJVG,Ms dhoni,10031,48,Lumberlove Cabin,#ROYAL INDIAN'S
#RL0CJR0LV,AKPRINCE,10090,64,Lumberlove Cabin,<<BAD BOYZ>>
#LPCR2YY00,KxRMA,10781,65,Royal Road,<<BAD BOYZ>>
#VY2ULL2RP,Whicher,10152,56,Lumberlove Cabin,<<BAD BOYZ>>
#GGU9G8RVG,skull,10308,64,Lumberlove Cabin,daddy's home
#8UC98CVU9,dangerous boy,10151,58,Lumberlove Cabin,Die Homies
#R8Y9ULP0,suresh,10710,78,Royal Road,<<BAD BOYZ>>
#9GR9QG8QR,RACII ST MAN,10236,56,Lumberlove Cabin,<<BAD BOYZ>>
#9G9CGGL0,kashish,10000,59,Lumberlove Cabin,<<BAD BOYZ>>
#PUUCVQQYU,Ak.Gupta,10363,71,Lumberlove Cabin,<<BAD BOYZ>>
#CJVUQUVG,$MR.PRÄTÏK$,10654,67,Royal Road,<<BAD BOYZ>>
#YJPU2YL8,~RaazZ~,10560,74,Royal Road,<<BAD BOYZ>>
#UVVQU2PVR,Nikhil,10242,62,Lumberlove Cabin,<<BAD BOYZ>>
#8008898GY,B-rad,10740,61,Royal Road,<<BAD BOYZ>>
#URY8R28V2,raj,10106,57,Lumberlove Cabin,3Musketers
#2VJRC8G0J,kaniskkan,10030,60,Lumberlove Cabin,<<BAD BOYZ>>
#8Q20VQVR,taksik.,10195,63,Lumberlove Cabin,<<BAD BOYZ>>
#9Y20Q0QL,FlAmAzZ,10268,66,Lumberlove Cabin,<<BAD BOYZ>>
#CCVVJQG90,dharuva,10180,59,Lumberlove Cabin,No Clan
#9J0JVLG0,the hacker,10057,54,Lumberlove Cabin,<<BAD BOYZ>>
#2P0JU8U28,dk,10000,67,Lumberlove Cabin,<<BAD BOYZ>>
#P8GC9CYR8,Alex>\\\<,10151,59,Lumberlove Cabin,<<BAD BOYZ>>
#GUVL2UJ8V,Eldritch_Ares,10090,53,Lumberlove Cabin,<<BAD BOYZ>>
#Y20VGU8GU,Subhash,10060,68,Lumberlove Cabin,<<BAD BOYZ>>
#29VQ2UC88,PHÁNTÓM,10000,53,Legendary Arena,No Clan
#Y8UY2JRJ2,GOD々KrAtOs,10270,63,Lumberlove Cabin,<<BAD BOYZ>>
#Q889VGRJP,Mosaajee,10151,58,Lumberlove Cabin,BAD BOYS
#L2R22GVUP,krishh,10090,70,Lumberlove Cabin,<<BAD BOYZ>>
#GQQLUY90Y,deep,10356,70,Lumberlove Cabin,<<BAD BOYZ>>
#U8QV0VQ9R,HASIM❤️,10090,55,Lumberlove Cabin,No Clan
#Y8VJ0GG9G,uday,10212,64,Lumberlove Cabin,<<BAD BOYZ>>
#2QYRVYUJ,Yo Rock $ YT,10577,67,Royal Road,<<BAD BOYZ>>
#V8CCVRGL2,AnimatoR,10060,52,Lumberlove Cabin,<<BAD BOYZ>>
#9V8CRYCJ,vedant,10115,59,Lumberlove Cabin,<<BAD BOYZ>>
#9PYJCQPP,HeAvEn'$ cLaN,10531,64,Royal Road,<<BAD BOYZ>>
#CJRUP0LC2,Izumi,10154,59,Lumberlove Cabin,<<BAD BOYZ>>
#UU9C0GUR,Desire Energy,10000,70,Lumberlove Cabin,No Clan
#YJ8J909QV,Amit,10179,66,Lumberlove Cabin,<<BAD BOYZ>>
#9GUUG2YC0,Iamjandial,10000,57,Lumberlove Cabin,No Clan
#289L8V9LL,NikHil zen,10000,57,Legendary Arena,No Clan
#CPG9L22V8,Riyank,10000,53,Legendary Arena,No Clan
#2VV8PQCY,Arun,11264,78,Musketeer Street,CLASH INDIA
#2928UG00,manimani,10060,73,Lumberlove Cabin,CLASH INDIA
#8PV8Y0VVC,Khan,10180,69,Lumberlove Cabin,CLASH INDIA
#2QJ2LGV0,Priyanshu,10130,64,Lumberlove Cabin,CLASH INDIA
#2LCYLPV8,NIGHT WIZARD!!!,10030,55,Lumberlove Cabin,CLASH INDIA
#YLYQ22UU,The Kohlis,10828,75,Royal Road,CLASH INDIA
#LL9VJY9J,God,10000,71,Lumberlove Cabin,CLASH INDIA
#980G92JU,$$$saikiran$$$,10000,63,Legendary Arena,CLASH INDIA
#8RLGCP0CY,4bidN-X,10173,62,Lumberlove Cabin,CLASH INDIA
#8LY09CJ0,Pankaj,10000,65,Lumberlove Cabin,CLASH INDIA
#C0J9YG8G0,arT,10335,68,Lumberlove Cabin,CLASH INDIA
#2LQ98PURL,MaHi_ᴬˡʷᵃʸˢ,10080,65,Lumberlove Cabin,CLASH INDIA
#89JJCUV02,ICHIGO KUROSAKI,10030,68,Lumberlove Cabin,CLASH INDIA
#89GJ88U0,Romi,10500,74,Royal Road,CLASH INDIA
#JJQ82L8P,Rishabh,10701,67,Royal Road,CLASH INDIA
#UUC80VVYC,rj,10304,66,Lumberlove Cabin,CLASH INDIA
#8VCVY80UY,kanwar,10530,74,Royal Road,CLASH INDIA
#2JLCQQGLV,zitu,10608,70,Royal Road,CLASH INDIA
#G29PJCLU,CLASH MASTER,10030,69,Lumberlove Cabin,CLASH INDIA
#U9C98UGQP,pratham,10061,67,Lumberlove Cabin,CLASH INDIA
#LURUCPJ2,Tickle & Slap,10000,65,Lumberlove Cabin,CLASH INDIA
#9QPRQL2C,carbon,10554,76,Royal Road,CLASH INDIA
#C8QQQ80L,ankit 2,10237,60,Lumberlove Cabin,CLASH INDIA
#2QCQ2P9QC,Siuumit7,10211,55,Lumberlove Cabin,CLASH INDIA
#Q80Q99CPU,KarthiK,10325,61,Lumberlove Cabin,CLASH INDIA
#YQJYUY8,royale,10029,54,Lumberlove Cabin,CLASH INDIA
#GCRPJP2UR,(N)_(O)_(V)_(A),10239,64,Lumberlove Cabin,CLASH INDIA
#PVG0J82Y,hammercha,10383,74,Lumberlove Cabin,CLASH INDIA
#9V2Y8LUPJ,Alex,10649,74,Royal Road,CLASH INDIA
#YR8RLV0,KinG Of King$,10000,65,Lumberlove Cabin,CLASH INDIA
#29UVV8JPQ,Ёɾє₦仝Ÿєɑgєɾᴼᴾ,10000,60,Lumberlove Cabin,CLASH INDIA
#2QJQPL0QC,Elbenzer,10125,60,Lumberlove Cabin,CLASH INDIA
#QUYRUCRR,Pranav,10511,77,Royal Road,CLASH INDIA
#9YUVJJ8C,SEENU K,10000,77,Lumberlove Cabin,CLASH INDIA
#8P8JY8CC,Ambassador,10000,44,Lumberlove Cabin,CLASH INDIA
#9JQR2J02,sam,10173,69,Lumberlove Cabin,CLASH INDIA
#U2GJ02P09,kedy,10000,61,Lumberlove Cabin,CLASH INDIA
#PG908YL,Stg,10375,68,Lumberlove Cabin,CLASH INDIA
#PJYRUCJU,Gaurav!,10030,56,Lumberlove Cabin,CLASH INDIA
#8CCYCUU09,Anonymous,10000,71,Lumberlove Cabin,CLASH INDIA
#2LGYRRLU,Nishant Sinha,10030,48,Lumberlove Cabin,CLASH INDIA
#8C2L9RPQV,supercell,10239,62,Lumberlove Cabin,CLASH INDIA
#JJPYQCC28,ABN_ALYEMEN,10239,60,Lumberlove Cabin,اصدقاء اليمن
#9VCCVGGG,U CAN'T SEE ME!,10000,69,Lumberlove Cabin,CLASH INDIA
#2YU2V2CG,KRUNAL,10000,61,Legendary Arena,CLASH INDIA
#2PQLLPU0,Yarasi,10000,68,Legendary Arena,No Clan
#2G8QCUG0J,Rudra,10312,70,Lumberlove Cabin,CLASH INDIA
#2PV2J9CG,POOJA,10202,58,Lumberlove Cabin,CLASH INDIA
#R0L9VLV,Boss,10112,64,Lumberlove Cabin,CLASH INDIA
#C9PCPQQJ,ASP18,10511,67,Royal Road,No Clan
#L0RGR88YY,Sam,10362,61,Lumberlove Cabin,#BloodyKnights
#82Y9YGURJ,RISHABH,10060,58,Lumberlove Cabin,#BloodyKnights
#J808GVVCL,Sky,10030,67,Lumberlove Cabin,#BloodyKnights
#2VGRPQGR,Balaji (RUUD),10722,74,Royal Road,#BloodyKnights
#UG0P888R2,Trifke,10060,58,Lumberlove Cabin,#BloodyKnights
#2PYPPV898,rushi_03,10324,65,Lumberlove Cabin,#BloodyKnights
#VRLYR9CCQ,KHAN,10210,52,Lumberlove Cabin,#BloodyKnights
#2RUPLP28C,Jay Patel,10557,66,Royal Road,#BloodyKnights
#Y8LYU9RJ,Pradip.,10557,65,Royal Road,#BloodyKnights
#LJQ8LQUC,s!ddh@rth,10176,66,Lumberlove Cabin,#BloodyKnights
#PPRRL92V9,Juyal,10147,62,Lumberlove Cabin,#BloodyKnights
#LG8YV8Y9Y,JATIN,10532,70,Royal Road,#BloodyKnights
#YJ88LPPCL,Prit~°,10210,67,Lumberlove Cabin,#BloodyKnights
#YUC8VPY,!! vi$h !!,10272,67,Lumberlove Cabin,#BloodyKnights
#8LUL82G0,Don✨,10000,68,Lumberlove Cabin,#BloodyKnights
#2GPQYQCP,Puranjoy,10134,59,Lumberlove Cabin,Kerala
#2G8LPPYG9,Tirth,10030,59,Lumberlove Cabin,#BloodyKnights
#GGPV9UJ9P,Mr Satya,10000,64,Lumberlove Cabin,#BloodyKnights
#90GV8G98,ABHAY,10000,60,Lumberlove Cabin,#BloodyKnights
#9289LRQ,ThomasMaceira,10594,59,Royal Road,ROYALE ELITE
#2YPP29J0,Zero,10610,79,Royal Road,No Clan
#UG8LU2C8,anshu.2931,10268,71,Lumberlove Cabin,#BloodyKnights
#PYGQ8CRJ,AkShAy 3:16,10382,67,Lumberlove Cabin,#BloodyKnights
#PVQQ09R,fire ball,10000,60,Legendary Arena,No Clan
#CP88YUCJU,Shantanu Boss,10090,64,Lumberlove Cabin,#BloodyKnights
#JUGUQPLV9,Rohit_Reborn,10215,68,Lumberlove Cabin,#BloodyKnights
#PYU098QJL,Minor .mp,10150,69,Lumberlove Cabin,#BloodyKnights
#99ULPQ2Y9,Mili,10059,62,Lumberlove Cabin,#BloodyKnights
#V0Q0UJGLJ,anant,10272,64,Lumberlove Cabin,#BloodyKnights
#8YGLPC8R,KakashiHatakë,10173,66,Lumberlove Cabin,#BloodyKnights
#8PU0QQVVC,shubham,10397,66,Lumberlove Cabin,#BloodyKnights
#YQRPG8LQ,戈一ParZivaL,10670,77,Royal Road,#BloodyKnights
#LU2VCVJR,SçørpîøñKIÑG,10134,58,Lumberlove Cabin,#BloodyKnights
#8L8QC2JGY,Magic Archer,10296,66,Lumberlove Cabin,#BloodyKnights
#99YL0JGR,rohan,10028,59,Lumberlove Cabin,#BloodyKnights
#P2PJUY9Q,Vipul,10318,72,Lumberlove Cabin,#BloodyKnights
#GU2LU90CU,mr-floopy,10334,62,Lumberlove Cabin,Pancakes
#88RV80LV,Aakash,10584,75,Royal Road,#BloodyKnights
#2JCL9Y92Y,DennyCrane,10030,72,Lumberlove Cabin,#BloodyKnights
#LUYY9C92P,Atraxi,10269,71,Lumberlove Cabin,#BloodyKnights
#8LLP2PCVP,itwasyash,10500,65,Royal Road,#BloodyKnights
#92GPYJGR2,astroboy,10000,64,Lumberlove Cabin,#BloodyKnights
#P9R0VYJL9,sujal,10120,61,Lumberlove Cabin,#BloodyKnights
#PU8V0GYU,CLASH LEGEND,10350,62,Lumberlove Cabin,#BloodyKnights
#YQV22YUCQ,VIRAT KOHLI ⭐,10237,58,Lumberlove Cabin,#BloodyKnights
#P9PCVPUV,G@N€$#,10000,68,Lumberlove Cabin,#BloodyKnights
#9YCUL9Y0,golem,10670,71,Royal Road,#BloodyKnights
#QP9GYPG2R,ErenYeager,10150,60,Lumberlove Cabin,#BloodyKnights
#JPQPJUL8,ARYAVARTA,10204,63,Lumberlove Cabin,Cig boys
#UVL2VC9,Barry Allen,10375,61,Lumberlove Cabin,#BloodyKnights
#8UUJP9Y9Q,J J,10526,74,Royal Road,Clan #QRV92028
#8QQQY9G98,RAJ THE KING,10180,65,Lumberlove Cabin,Clan #QRV92028
#LPJYL9LV,vihaan,11009,69,Musketeer Street,Tsec clashers
#GQLPJVL8Q,काली चुची,10149,70,Lumberlove Cabin,Clan #QRV92028
#QR9CJGY0Y,NoobMaster,10000,70,Lumberlove Cabin,Clan #QRV92028
#U2R9QV28R,AAGAM JAIN,10096,58,Lumberlove Cabin,Clan #QRV92028
#JQLPJ0UG,abhi,10265,64,Lumberlove Cabin,Clan #QRV92028
#99JYGURVJ,TYLER DURDEN,10149,59,Lumberlove Cabin,Clan #QRV92028
#PRJRG0PV9,☠☠ⓐⓑⓘⓝⓔⓢⓗ☠☠,10118,59,Lumberlove Cabin,No Clan
#CJQULGQLL,AJ,10301,65,Lumberlove Cabin,Clan #QRV92028
#LP9GLVUY,the strong,10148,58,Lumberlove Cabin,K_W_T
#ULJPP0QR0,CROWNBREAKER,10103,67,Lumberlove Cabin,Clan #QRV92028
#8Y9UQVGP,wolkop YT,10172,59,Lumberlove Cabin,Clan #QRV92028
#2QUQQLPL,Rockstar,10530,66,Royal Road,Clan #QRV92028
#C2LPJC02R,NineTaiL,10146,61,Lumberlove Cabin,Clan #QRV92028
#JVRLLVQJ,sahil,10527,63,Royal Road,Clan #QRV92028
#89VGQPR8Y,evan Al korde,10088,58,Lumberlove Cabin,Clan #QRV92028
#2G2LCPR9Q,ROCK,10000,54,Legendary Arena,No Clan
#890YYJVU,WizKun,10000,61,Lumberlove Cabin,No Clan
#2R8200PP9,☣️Ati Maharathi,10178,64,Lumberlove Cabin,Clan #QRV92028
#R0RC2VGVL,night soul,10132,56,Lumberlove Cabin,Clan #QRV92028
#RL80LCUY,yash kaushik,10500,63,Royal Road,Clan #QRV92028
#2URLJCU0,bad meet gaurav,10090,67,Lumberlove Cabin,garari boys
#99UQGRVCU,Vishnu,10166,59,Lumberlove Cabin,Clan #QRV92028
#LGJQUQ8P2,SPARTAN,10227,64,Lumberlove Cabin,Clan #QRV92028
#9LVVY0U2G,legend02o,10280,65,Lumberlove Cabin,No Clan
#Q2CCUQJVQ,AK,10211,61,Lumberlove Cabin,Clan #QRV92028
#U99Q9VRY2,#Sparta,10105,63,Lumberlove Cabin,Clan #QRV92028
#82998RCJ,BOSS,10148,62,Lumberlove Cabin,Clan #QRV92028
#2VCLGYJ,anish,10204,66,Lumberlove Cabin,Clan #QRV92028
#UR8GQULY,mystery man,10030,53,Lumberlove Cabin,Clan #QRV92028
#980LQJV9R,Encore,10357,59,Lumberlove Cabin,Bhaisahab 2.0
#JYC0CCYLC,DEVIL ANKIT,10272,74,Lumberlove Cabin,Clan #QRV92028
#GJC8U0QG8,ₛₐₙdₕᵤ ⎋,10088,56,Lumberlove Cabin,Clan #QRV92028
#VPLQU9L22,Phantom Strike,10301,57,Lumberlove Cabin,Bhaisahab 2.0
#QGG8V2Q9,TITUS,10267,61,Lumberlove Cabin,PSG MBA
#VGG22U0JQ,Horizon,10121,63,Lumberlove Cabin,Clan #QRV92028
#8PCJJQY2G,ExZ,10341,64,Lumberlove Cabin,No Clan
#2CUVY9L9V,Carbon Gaming,10304,62,Lumberlove Cabin,CP
#LLVJQ2Y0Y,Van Der Joys,10300,63,Lumberlove Cabin,Clan #QRV92028
#PQY292VRJ,deathdealer,10232,75,Lumberlove Cabin,Clan #QRV92028
#PJL09JCVP,René,10505,62,Royal Road,Clan #QRV92028
#QQP09QJV2,panda 31 op,10090,60,Lumberlove Cabin,Clan #QRV92028
#PU9UYV09Q,NEEL PATEL,10385,64,Lumberlove Cabin,INDIAN BRAWLER
#LUV99CRL2,<c3>REBEL,10030,58,Lumberlove Cabin,No Clan
#RY9PCV92C,bruh,10123,58,Lumberlove Cabin,Clan #QRV92028
#PY0QRVVUV,hell gamer,10000,52,Lumberlove Cabin,No Clan
#CLLJQ88,larry_hermit,10296,59,Lumberlove Cabin,Bajrang Dal
#88UPVR2JR,skullcrusher,10089,56,Lumberlove Cabin,Miner is God
#VUJVGUYL9,luffy,10189,58,Lumberlove Cabin,Clan #QRV92028
#99VG9GUL0,AK Spartan,10000,76,Lumberlove Cabin,Indus Invictus
#PL92UU08C,milin,10030,62,Lumberlove Cabin,BEG FOR MERCY 2
#LJC0JQG2,来让你们都开心,10500,73,Royal Road,BEG FOR MERCY 2
#Q8RVLVCPC,BetterThanYou,10000,56,Lumberlove Cabin,No Clan
#R2Q9VGC8,Amisgod,10030,59,Lumberlove Cabin,No Clan
#22QLJG2RG,plazma,10030,60,Lumberlove Cabin,BEG FOR MERCY 2
#LVLLCL8PG,ICEcube,10149,60,Lumberlove Cabin,Astarr GANG
#8V9U9Y80P,Tirth,10116,67,Lumberlove Cabin,BITMASK DP
#G9VJYQPPU,XEBEC PRIME,10087,61,Lumberlove Cabin,No Clan
#U0UGG8V9Q,vheh,10245,61,Lumberlove Cabin,BEG FOR MERCY 2
#LP2R92V9,FRizZLeR,10000,63,Lumberlove Cabin,BEG FOR MERCY 2
#LGCGVQUL0,jayesh,10090,65,Lumberlove Cabin,BEG FOR MERCY 2
#2YULUYY9V,ADHIRAJMHATREYT,10500,64,Royal Road,BEG FOR MERCY 2
#2LVPCVJVC,Arshad,10060,53,Lumberlove Cabin,BEG FOR MERCY 2
#QY0UUV8QR,GANUBHAi,10000,56,Legendary Arena,SOUL OF GOD
#C8GCYLQRC,woh mon©®™,10134,57,Lumberlove Cabin,indian legends
#CL2YC9GJ8,⚡OBITO ⚡,10195,68,Lumberlove Cabin,BEG FOR MERCY 2
#QQ8QURUGU,mr wrong,10000,52,Lumberlove Cabin,BEG FOR MERCY 2
#Q08YVJRQJ,DaRk_PrINcE,10000,59,Lumberlove Cabin,BEG FOR MERCY 2
#PLQUJQRQ0,BEAST,10717,67,Royal Road,all Indians
#VCQRJVP0Y,BFM❤️HDJ,10151,66,Lumberlove Cabin,Royal Ascension
#GYGCRLU,ĐŘÂĞŐŇBØÝ552,10263,63,Lumberlove Cabin,BEG FOR MERCY 2
#8QLC988LR,batman,10000,55,Lumberlove Cabin,HDJ
#29JPLUYL,--l 81Blaze l--,10207,59,Lumberlove Cabin,BEG FOR MERCY 2
#98LLCUV8Q,kai,10263,64,Lumberlove Cabin,BEG FOR MERCY 2
#22L8Y0QVU,Monir,10028,53,Lumberlove Cabin,GODI BHAKT
#8CQJ2P2LU,TEJAS,10246,63,Lumberlove Cabin,BEG FOR MERCY 2
#LYVQ9G0LG,Aadish,10500,58,Royal Road,3 crown wins
#QPJPQVPLJ,Nova I RoleX,10528,69,Royal Road,The Dihciples
#QV9UC8GJ,Rahul mehra,10291,62,Lumberlove Cabin,BEG FOR MERCY 2
#G8PJ000G9,Jenis Jain,10329,63,Lumberlove Cabin,BEG FOR MERCY 2
#8RLQPG8RG,Devian,10148,57,Lumberlove Cabin,BEG FOR MERCY 2
#J82LVQ8Y8,Yona,10213,63,Lumberlove Cabin,BEG FOR MERCY 2
#VRC9J82R9,Void,10158,57,Lumberlove Cabin,BEG FOR MERCY 2
#JUQQJ08,YOMAMA,10315,68,Lumberlove Cabin,BEG FOR MERCY 2
#J9UJCYQY,PRINCSOMU,10117,62,Lumberlove Cabin,BEG FOR MERCY 2
#P92QR00V8,ļǒôßęř☮️,10292,57,Lumberlove Cabin,BEG FOR MERCY 2
#2LYJRQ9G,lavish prince,10237,57,Lumberlove Cabin,BEG FOR MERCY 2
#8GRL0RV8R,ZATCH,10000,66,Legendary Arena,HDJ
#9U8JP0PU,hafiz abdullah,10229,63,Lumberlove Cabin,BEG FOR MERCY 2
#89JGY8Q0G,vishal,10246,61,Lumberlove Cabin,Indian Girls
#292VJJJR0,PATIL,10116,53,Lumberlove Cabin,Girls
#9V2G09YG8,Niks,10057,62,Lumberlove Cabin,BEG FOR MERCY 2
#LG9LUP92C,chinnabbai,10252,58,Lumberlove Cabin,Bangladesh Army
#YRPQJP00C,Mr.Rahul,10149,62,Lumberlove Cabin,INSIGNIA
#RGUVP2GU0,Binod,10538,68,Royal Road,BEG FOR MERCY 2
#RQVG2092P,Rocky Bhai,10060,47,Lumberlove Cabin,No Clan
#809YC2VJ2,Parimal,10177,60,Lumberlove Cabin,BEG FOR MERCY 2
#889RQLVVG,iLovePink,10000,60,Legendary Arena,No Clan
#8P8YQ2PY,don & john,10000,72,Lumberlove Cabin,Chain SmokerS
#2UU22P0Y0,❄️Himanshu I 霜月,11036,71,Musketeer Street,Chain SmokerS
#8PQJJ9UUQ,Nitish,10767,62,Royal Road,Chain SmokerS
#80U2UV02,龙王✨°RYU,10898,72,Royal Road,Chain SmokerS
#8CGG98R8V,HEISENBERG,10864,74,Royal Road,Chain SmokerS
#9PQV9JVU,Ghost,10370,69,Lumberlove Cabin,Chain SmokerS
#PGVG0PQCP,Nitin ニティーン 尼丁,10594,65,Royal Road,Chain SmokerS
#2RYLRYQRR,THUNDER X,10149,62,Lumberlove Cabin,Heaven
#2GV28YVPY,Hiten,10000,62,Lumberlove Cabin,Chain SmokerS
#8YGC2VRC,SkullCrusherJK,10000,70,Lumberlove Cabin,Chain SmokerS
#999V89C0,shashank,10530,61,Royal Road,Chain SmokerS
#2LQ2028Q,jeevan,10500,75,Royal Road,Chain SmokerS
#8RJG8R80U,Shaleen,10209,61,Lumberlove Cabin,LIVE ON TWITCH
#P929PLCUG,pranay,10294,69,Lumberlove Cabin,Glorious IND 2
#2V8QCRPU,Supreme Leader,10000,69,Lumberlove Cabin,Chain SmokerS
#9VJU8Q98Y,BATTLE KING,10387,64,Lumberlove Cabin,No Clan
#9GRQU8GYC,Zombie Brothers,10055,59,Lumberlove Cabin,Chain SmokerS
#20RYLQCC,karan,10306,68,Lumberlove Cabin,Chain SmokerS
#8QYRGQPC,B O L T,10329,71,Lumberlove Cabin,Chain SmokerS
#QU2J80VV,Pink Panther,10030,61,Lumberlove Cabin,Chain SmokerS
#GYUL0JV,Henk,10561,70,Royal Road,Chain SmokerS
#2R8RCJVR2,トナリノ✨rcvl13®©,10302,65,Lumberlove Cabin,Chain SmokerS
#QQVRVQCPY,@knee_lay_____,10000,56,Lumberlove Cabin,IGNITED
#9P0UVYJC,MARK42,10296,67,Lumberlove Cabin,Chain SmokerS
#2Q9GQ29YR,B3NN,10115,67,Lumberlove Cabin,Chain SmokerS
#8LUQ9C9C2,The Dark Side,10272,66,Lumberlove Cabin,Chain SmokerS
#2R8VPQGY,Hot Shot,10000,71,Lumberlove Cabin,Chain SmokerS
#2V08Y8YYL,ARHAHAHAN,10388,63,Lumberlove Cabin,ANCIENT TIME ⭐️
#PG8YRRLR9,evil arun,10000,66,Lumberlove Cabin,No Clan
#2UQ2VJPG2,arun,10307,71,Lumberlove Cabin,Chain SmokerS
#229J9UUY,shox,10000,64,Lumberlove Cabin,Chain SmokerS
#2C0QGV9LJ,DEV,10090,62,Lumberlove Cabin,No Clan
#22Q89JUJU,Light of Orion,10176,65,Lumberlove Cabin,Chain SmokerS
#V0JPUUL8G,Strave,10563,65,Royal Road,Quick & Quiet
#908RC80UQ,Great Shubh,10794,75,Royal Road,Chain SmokerS
#GLPQPVGLP,Pulkit,10500,76,Royal Road,Chain SmokerS
#UVP0VYG2J,sonu,10153,67,Lumberlove Cabin,2.6 JumpSquad
#GVC0Y2LYL,ACE_♠️,10265,57,Lumberlove Cabin,No Clan
#LP8GQ0YYP,M17,10091,62,Lumberlove Cabin,No Clan
#8LQUVLUCJ,Batman,10000,71,Lumberlove Cabin,Chain SmokerS
#9CR9LQ2J8,Oopsie Doopsie,10619,73,Royal Road,Chain SmokerS
#9U0CY9V09,Triel10,10240,65,Lumberlove Cabin,Chain SmokerS
#V8YGGYGVQ,XxAbueltaHot24x,10338,61,Lumberlove Cabin,Chain SmokerS
#YG9CLYUJY,Clasher,10180,63,Lumberlove Cabin,Crystal Victory
#9UQY20LQ,ravi anshu,10200,63,Lumberlove Cabin,Chain SmokerS
#820JPCJ0G,Baby Ghastling,10625,70,Royal Road,Chain SmokerS
#R0G8VYLL0,ViGneSH,10325,70,Lumberlove Cabin,Chain SmokerS
#P08GJRUPG,Ryugami,10192,60,Lumberlove Cabin,Chain SmokerS
#9R8YRV9GC,xostan. in,10348,63,Lumberlove Cabin,Chain SmokerS
#9GQJ89U2C,☺️$@m☺️,10000,60,Lumberlove Cabin,No Clan
#8QG8QJG8G,losing trophies,10652,73,Royal Road,# BHARAT
#GYYL8JJ9C,<C2>DhruvLFC,10847,65,Royal Road,# BHARAT
#GYVVLJVR,Vish,10738,82,Royal Road,# BHARAT
#PLVYVJC8C,deadman,10761,75,Royal Road,hyderabad
#P8GPR8YY,Drift King,10090,68,Lumberlove Cabin,# BHARAT
#QYY0YQQUQ,OPTIMUS PRIME,10383,66,Lumberlove Cabin,# BHARAT
#2R0P2CJQC,MEET,10000,56,Lumberlove Cabin,No Clan
#PL8V0CRQP,Arhaan the cool,10071,59,Lumberlove Cabin,No Clan
#LGVP9U80J,ChickenFries,10240,61,Lumberlove Cabin,# BHARAT
#9LP28JQQ,Ujjwal,10000,63,Lumberlove Cabin,# BHARAT
#Y0G8898C8,Ronny,10213,70,Lumberlove Cabin,# BHARAT
#8VVUL20UY,nick,10000,68,Lumberlove Cabin,Indian Army❤️
#88LUUQG8U,Az l l ryuu,10000,57,Lumberlove Cabin,Adinath club
#P0P9RQJYJ,Tata Bye Bye™,10300,75,Lumberlove Cabin,# BHARAT
#CJ8CJ8QC8,Mr_chotu._.7577,10064,61,Lumberlove Cabin,# BHARAT
#2RQCJ09LL,PRAGS,10090,59,Lumberlove Cabin,# BHARAT
#9R0YC8J9,Ace,10613,73,Royal Road,CelestialBharat
#UQRV2C9VV,nik.niket,10209,61,Lumberlove Cabin,# BHARAT
#L9PRLQRQ0,SURYAPUTR KARNA,10392,60,Lumberlove Cabin,# BHARAT
#9G22JC980,ritchie,10032,56,Lumberlove Cabin,# BHARAT
#JPLUCJJGV,Error Gamer,10239,65,Lumberlove Cabin,# BHARAT
#2JJRC0QV9,SHIVA,10060,74,Lumberlove Cabin,# BHARAT
#PY8CPU9L9,Jayshiv,10031,63,Lumberlove Cabin,# BHARAT
#89UCCRG2,AAGAM 17,10149,62,Lumberlove Cabin,!ÑD!@Ñ ¢L@$#€®$
#9P009GQP,Amogh,10215,59,Lumberlove Cabin,# BHARAT
#2CC98Q9V9,supercell,10116,49,Lumberlove Cabin,clashers
#9PUGRP0R,RAJ,10032,60,Lumberlove Cabin,# BHARAT
#8QGJUGRGL,STAR_OP,10060,60,Lumberlove Cabin,No Clan
#QPQQLP9CR,JOY BOY,10155,69,Lumberlove Cabin,# BHARAT
#82YC99G90,kalibars,10118,70,Lumberlove Cabin,# BHARAT
#CR9G9V8Q,Patroclus,10444,69,Lumberlove Cabin,# BHARAT
#QY8LC2Y,TJ,10119,73,Lumberlove Cabin,# BHARAT
#88PY2CL8V,Ario_X08,10358,65,Lumberlove Cabin,# BHARAT
#CURJLRG8G,venkat,10207,61,Lumberlove Cabin,No Clan
#89YGYUPLP,DJ BROTHERS,10265,74,Lumberlove Cabin,# BHARAT
#9VC8CG9L9,HYDRA I Mj5,10234,58,Lumberlove Cabin,अखंड भारत
#89LVQCQ08,Avii,10121,64,Lumberlove Cabin,# BHARAT
#PRGG2GCYU,taylor shift,10090,61,Lumberlove Cabin,""" Les Maories """
#V00GLGUC,Thunderbolt,10611,76,Royal Road,# BHARAT
#82Q9P9QR,Flash,10000,57,Lumberlove Cabin,No Clan
#22YY0R9YC,Super dude,10000,47,Lumberlove Cabin,No Clan
#8CQ2VUVQ,♾️KAP™️,10146,63,Lumberlove Cabin,# BHARAT
#URG9PCY2,samurai ameio,10180,65,Lumberlove Cabin,# BHARAT
#8L9V0PJRU,Dark moon,10000,68,Lumberlove Cabin,# BHARAT
#ULQPV08C0,ＤＥＺＺＯ,10000,51,Legendary Arena,No Clan
#QYQGGCC,Akshay CR7,10342,70,Lumberlove Cabin,# BHARAT
#Q82QRJR2Y,Shâdøw,10186,60,Lumberlove Cabin,# BHARAT
#QR9GVLGC2,prayush06320,10030,68,Lumberlove Cabin,# BHARAT
#V9PVYCYPC,Gorv,10004,64,Lumberlove Cabin,No Clan
#GLYJ9YVQG,mahismathi,10000,69,Lumberlove Cabin,No Clan
#U9QG2UP0J,Pikaaaaa,10030,60,Lumberlove Cabin,Avengers
#2VLYRRLG,vaibhav,10180,60,Lumberlove Cabin,Drona Team
#G890RG00L,MORNING STAR,10000,68,Lumberlove Cabin,KERALA
#L8RYP8J2G,JA|§0N!,10180,60,Lumberlove Cabin,Drona Team
#YGJYYRYCR,pr3D|CKtive,10121,64,Lumberlove Cabin,Drona Team
#2V2ULQC8L,shwkwave,10000,56,Legendary Arena,No Clan
#88JJ082UQ,YA$H | ICEBOW❄️,10116,56,Lumberlove Cabin,Serious Noobs
#CPR9U29GC,DeVL,10209,59,Lumberlove Cabin,Drona Team
#PUQYY2QCC,DËÅTHRØĪD™©,10334,63,Lumberlove Cabin,Drona Team
#P2VLG0GJP,LORD,10314,56,Lumberlove Cabin,House Of Royal
#JP20J22VP,Arjunn,10239,59,Lumberlove Cabin,Abwa 9
#2LV0GLV90,Jaͥtiͣnͫ StÁrk,10265,67,Lumberlove Cabin,Cadepvp
#9RG8GRRJ,Prithvi,10549,68,Royal Road,Drona Team
#C2LPCUU00,P4-Pr1mus,10066,51,Lumberlove Cabin,ELITE-Z
#P0QP0GRYU,thunderor,10000,56,Lumberlove Cabin,Colchones ON
#29PVG8P9,PKMKB,10615,59,Royal Road,No Clan
#90LCU9JLY,Ayan,10119,65,Lumberlove Cabin,Drona Team
#Q2Q20LPJU,macho 2.0,10090,63,Lumberlove Cabin,Drona Team
#PYRP8LJV,ahil,10250,64,Lumberlove Cabin,Drona Team
#2CGJJLLPQ,Sahil,10175,61,Lumberlove Cabin,Drona Team
#8UQRJ920R,अमन,10150,61,Lumberlove Cabin,BoTs
#RQ22PV9JY,THE THOR,10120,58,Lumberlove Cabin,Drona Team
#UUVY8YJ8P,TD BANSi,10174,61,Lumberlove Cabin,ARCHER BAD AIM
#V8LULUCV0,Boomer,10000,57,Lumberlove Cabin,Drona Team
#2PJ8PRG82,Gautam sharma,10060,57,Lumberlove Cabin,Yashika Sena
#2QC0LV00U,the beast_YT,10503,60,Royal Road,AMAZON
#80GYVJQQR,समीर सुथार,10028,68,Lumberlove Cabin,Drona Team
#U8J9VLCG,CHOTU,10236,63,Lumberlove Cabin,Drona Team
#UC9QULGJJ,ALONE..*JAY*,10087,65,Lumberlove Cabin,No Clan
#G9PQP82U,fahaddemon,10000,53,Legendary Arena,No Clan
#JYRJPPQ9Q,◤VENOM◢,10220,60,Lumberlove Cabin,Drona Team
#2U2Y929LP,homer,10000,77,Lumberlove Cabin,Kwiat Lotosu
#VVVQVRLU,Pdevil,10360,67,Lumberlove Cabin,No Clan
#9JJG0RCV0,MahirAtom,10315,57,Lumberlove Cabin,Ascendants!
#92YL9GPC,Lord Sahil,10000,60,Legendary Arena,Gareeeb
#8J09QRRCP,aswani,10030,67,Lumberlove Cabin,Bichologos F.C.
#9828G88CP,Katherine,10000,59,Lumberlove Cabin,No Clan
#20G2CG9QR,Rocket,10182,63,Lumberlove Cabin,Active clan
#YJ082V8GQ,Sentinel,10202,69,Lumberlove Cabin,Drona Team
#VL8LCY092,Spandan,10000,59,Legendary Arena,No Clan
#PRJUV8QJ,NORDEN CJ,10000,58,Lumberlove Cabin,No Clan
#UCQUGP8,aakash,10060,66,Lumberlove Cabin,INDIA
#28JQVUQVU,kaja mohideen,10145,63,Lumberlove Cabin,Drona Team
#88Y088RR8,Saurabh,10120,66,Lumberlove Cabin,Drona Team
#Q9P9JCC0G,Brave Hawk,10281,53,Lumberlove Cabin,#1 ELITES
#8QVQ8P2LC,HeLLVen,10060,58,Lumberlove Cabin,No Clan
#GRV00R9UP,WHITE EAGLE,10254,53,Lumberlove Cabin,ONE PIECE
#RJPLJV29,Bruh,10160,57,Lumberlove Cabin,Drona Team
#JQVYG9U0R,Deidara,10216,62,Lumberlove Cabin,GOBLIN UNIT
#8VG02GCLG,Dhilip Empire,10061,63,Lumberlove Cabin,Tamil
#LQVJQ0RLJ,hdge,10000,46,Legendary Arena,No Clan
#J8GPQVQL,DarkKnightKing,10027,51,Lumberlove Cabin,No Clan
#8VYRQURJC,sathish,10060,58,Lumberlove Cabin,Heaven of cr
#802RYQ0UQ,joker ragul,9564,50,Legendary Arena,No Clan
#2R0JPJVLG,jee,10030,61,Lumberlove Cabin,tamil
#8YGG0YLLG,Roman reigns,9292,64,Valkalla,tamil
#QLRLUU902,JONES,7536,59,Boot Camp,tamil
#UL9L0YVCP,Dheeraj,5870,42,Executioner's Kitchen,Black Diamond
#2CRRV8G80,HARSH ~ MAX,10228,61,Lumberlove Cabin,Black Diamond
#9J92GUQJ,lovely charm,9638,57,Legendary Arena,Black Diamond
#VLUVYJ0YY,Sabari,10033,55,Lumberlove Cabin,No Clan
#JURLQYUQJ,Enrique,10009,53,Lumberlove Cabin,Black Diamond
#PJPVV0LQU,player no.69,10000,52,Lumberlove Cabin,SRM BADDIES
#UG0J8RGU9,droy,11260,79,Musketeer Street,dixon mckinley
#228RR0GR,thegod_rf,6864,68,Silent Sanctuary,Vibing
#2YVRY8YU,Wings,10000,76,Lumberlove Cabin,Vibing
#2PLQLRGQR,ahcraaaap,10704,75,Royal Road,Vibing
#80LVC88UL,Ez❤️Clauu,9687,61,Legendary Arena,No Clan
#LYV8C0R08,D.7.M,30,1,Goblin Stadium,No Clan
#20PUGU0PLV,L1 Loy,1600,13,P.E.K.K.A's Playhouse,No Clan
#VLURYG2GL,LIAM,4256,30,Rascal's Hideout,Aerial Royal
#UUVRUCJJV,Shago✨️沙戈,7575,36,Boot Camp,DyNasty ELITE™
#VRL98RUUU,twenky,7821,41,Boot Camp,No Clan
#89GP9L82U,mystic,8625,47,PANCAKES!,No Clan
#LJPQ98RQR,game = money,8620,39,PANCAKES!,this game sucks
#GVCVRQJV,⚡ΩXxPATOxXΩ⚡,9653,42,Legendary Arena,No Clan
#PYYUUGYRL,RyZe,8829,42,PANCAKES!,WAP
#Y98Y0VC2P,Chrispy,9321,48,Valkalla,tiktok
#URG8LR8QJ,Edmond✨️CHN,9000,55,Valkalla,No Clan
#VY0JCLLPC,Dybalaアマゾン,10630,59,Royal Road,Fahad Verse
#J9RP0LQY2,asiancrewton,10121,55,Lumberlove Cabin,No Clan
#R8GC0CPGC,muslim 宗教 ☪️ ⭐,10389,65,Lumberlove Cabin,No Clan
#2JRUULYQL,olyamo,10000,45,Lumberlove Cabin,RiseLuck
#8GUQRJG02,Scorpion,10012,68,Lumberlove Cabin,Goblins Cup
#LVU2JYRUC,Joon™,9000,65,Valkalla,No Clan
#UV2GL9PVQ,EnzoRacer™️,7708,57,Boot Camp,Top Flame
#U9UG9UUV0,WL✨Mohamed✨奶茶,9101,69,Valkalla,Good Manners
#2QJUV8PYL,Mano golfinho,6572,66,Silent Sanctuary,WALKING LEGENDS
#C8CQULCUV,FF｜Inc hulk,11516,78,Summit of Heroes,Elite Forcers
#L0YC0VL9C,FF｜Hulk ✨,11500,82,Summit of Heroes,Elite Forcers
#PQCYJ8GQ2,Steeef,8340,67,Clash Fest,No Clan
#UC0QJ2CU9,Hypno ❤️ Nermin,10018,68,Lumberlove Cabin,QuantuM FluX
#2QG02L2QY,ŞEHİNŞAH,9155,54,Valkalla,YT GencAslan CR
#2YQJJG0VL,GençAslan:),10002,78,Lumberlove Cabin,YT GencAslan CR
#VL0CJ0LPG,ErisBo,968,11,Barbarian Bowl,CRL WF 2025
#VJ2CR8RL2,ESLmyOBS01,0,1,Goblin Stadium,CRL WF 2025
#VJ2CURJLR,ESLmyOBS02,0,1,Goblin Stadium,CRL WF 2025
#20CG8RGQPJ,Frontier Guard,339,70,Bone Pit,CRL WF 2025
#PR880UVG,Kendyfun,3316,27,Hog Mountain,CRL WF 2025
#QGCJJL9QY,MISTAX,5314,40,Miner's Mine,CRL WF 2025
#9LUGUQ2RQ,ㄴZEROㄱ,7048,37,Dragon Spa,CRL WF 2025
#UJ0JCUG,Vic,7717,40,Boot Camp,dobni
#2CLV2RP0,むぎったん,10873,83,Royal Road,No Clan
#GUJGULUYJ,うめざき たつや™,0,23,Goblin Stadium,No Clan
#VPJY9R0J9,ryuron,4010,27,Spooky Town,日本
#LPCUVCLJG,よーぐれっと,5623,41,Executioner's Kitchen,のむたん海賊団
#PGG2QP8QG,田村カフカ,5728,36,Executioner's Kitchen,のむたん海賊団
#LQV0RJVCU,tomoki,9328,74,Valkalla,お気楽の会合
#U8VLRYPLV,欠伸｜みなり,10089,57,Lumberlove Cabin,珍宝組MKH
#9CVCRCG88,バスの運転手,10564,74,Royal Road,寄付
#PP9Q2JJQJ,Ever☬もみじ,10296,77,Lumberlove Cabin,TRL予選②
#8RQPCYR80,芋GOD,6714,75,Silent Sanctuary,No Clan
#YQVCQVCRQ,kipe,11088,77,Musketeer Street,No Clan
#Y90CL0PCQ,PHILI,11505,78,Summit of Heroes,Elite Forcers
#2JU9L20GJ,Colin✨️ヒロト❦,10012,80,Lumberlove Cabin,No Clan
#PP20Q9YQR,KADGAMING,9000,77,Valkalla,No Clan
#YVCYLJQC,null,9000,71,Valkalla,No Clan
#LY0JQP0RP,L3✨锁塔了哟,10062,73,Lumberlove Cabin,L3gend❤️Smash
#U098YUPRV,Sayaka,9778,70,Legendary Arena,我有鱼鱼蒸
#VCCJLLGQ2,makesmefun,8573,57,PANCAKES!,백전백승
#YC98UYCV,Morter,7923,76,Boot Camp,dixon mckinley
#JCG0PUPC9,GOP ｜ 王 Rimuru,6188,62,Royal Crypt,像条区
#VYGQ9YGRV,POPこーん,579,4,Bone Pit,Isseiの独り言
#U8CJL0U08,void(Moment),2141,14,Royal Arena,Isseiの独り言
#99YYJLCU0,Sm1th,6104,37,Royal Crypt,Isseiの独り言
#208RJCC9YC,Nameless,7859,31,Boot Camp,No Clan
#PC80JQ0J,陸の孤島,7858,43,Boot Camp,Isseiの独り言
#UG8UYR0PG,ぴっぴ,9150,42,Valkalla,Isseiの独り言
#C9RJVPQGP,Kira,10000,55,Legendary Arena,No Clan
#20J9G89G02,seifraouf,0,1,Goblin Stadium,No Clan
#QJY8UQJCC,seif raouf,0,1,Goblin Stadium,No Clan
#J8UV8LP8L,Not MiDuz✨,7085,34,Dragon Spa,No Clan
#V0UP09P,⭐️Soudy⭐️,7259,69,Dragon Spa,No Clan
#UR82JRJQ8,Fadi❤️M7,10502,58,Royal Road,Majestic lords
#2VJ882GL8,xMiduz,11508,79,Summit of Heroes,Majestic lords
#UU0PJ829,FF｜Soudy✨,7500,72,Boot Camp,Majestic lords
#RP0Y8GCGU,黑剑士｜❤Miráge❤,10000,71,Lumberlove Cabin,Steppe Warriors
#L9C09C88Q,modest,11263,76,Musketeer Street,极焰领域·浴火城
#JPJ0CJPC9,peach,307,19,Bone Pit,YT:たぁ
#20PVJ9V0C8,blhlc,1756,15,P.E.K.K.A's Playhouse,Isseiの独り言
#208QR0CL0J,✝️GUILD✝️,8617,42,PANCAKES!,すぐにタワー折られ隊
#GPG0CL8JL,ぱぐぅ☘️,10060,57,Lumberlove Cabin,YT:たぁ
#GY90RGYUU,世界のTANAKA,10188,49,Lumberlove Cabin,YT:たぁ
#YPR8QC9Q8,Alluka✨,9837,70,Legendary Arena,YT:たぁ
#VJ8GJ80JR,刺身達,9541,44,Legendary Arena,YT:たぁ
#2020U00JR8,TOPGUN,6028,65,Royal Crypt,Elite Forcers
#RPVRLLRGU,破壊神 Bana,6843,59,Silent Sanctuary,No Clan
#UPC0LUU2G,りきちゃん,7040,65,Dragon Spa,No Clan
#JR09VJV0,FF｜✨BOSS✨,7774,71,Boot Camp,Elite Forcers
#22GLJ2JPG,FF｜kazutoon,8036,62,Clash Fest,No Clan
#CPPJR9CP,@@big daddy@@,8063,60,Clash Fest,No Clan
#G09URR8P9,FF │ Spirit™,8371,64,Clash Fest,No Clan
#C90YCCPU0,FF I HaRu,9000,65,Valkalla,No Clan
#2J8GGGGY9,FF｜Arpin,11206,82,Musketeer Street,No Clan
#UYUVCY298,No Name,10392,76,Lumberlove Cabin,Elite Forcers
#RU9VQV9C,Kimchi77✨白影,10147,80,Lumberlove Cabin,Good Manners
#VP2R9J0,Albert,10000,76,Lumberlove Cabin,Elite Forcers
#22LUPYCYC,M. P. GAMING,11500,84,Summit of Heroes,Ｖａｌｈａｌｌａ
#9VVCQYC9Y,Colin❄️じんたら❄️奶茶,10627,77,Royal Road,Elite Forcers
#V8LYUVJRJ,FF｜Xelkha,10372,73,Lumberlove Cabin,Elite Forcers
#2JRP8UYP,YT ICE,11500,77,Summit of Heroes,ICE LAND
#88UPJU0PG,RN LimHatake,11527,79,Summit of Heroes,Elite Forcers
#GR9L9V2LU,CAPGUN,10214,76,Lumberlove Cabin,Majestic lords
#GPPYR9JYR,Clown,11524,81,Summit of Heroes,Elite Forcers
#2LJ0ULYCC,ぐりてゃん,11505,82,Summit of Heroes,No Clan
#RJ2UPC900,Griko,10000,70,Lumberlove Cabin,Elite Forcers
#209CPQP8C8,おさるのじょーし,7657,35,Boot Camp,乱れ雪月花
#VGV0UP8UJ,あにや,7958,43,Boot Camp,乱れ雪月花
#GGPULJCJG,JeremieFrimpong,7831,50,Boot Camp,No Clan
#PYRV0RQPJ,ssty,8159,52,Clash Fest,No Clan
#Q0VCGGR9P,どんだけ~,8401,54,Clash Fest,乱れ雪月花
#UPGGG9Q08,テニスプレイヤー,8230,44,Clash Fest,No Clan
#UCGLPGYRR,らいとふく,9597,58,Legendary Arena,乱れ雪月花
#CUGJJ28G8,りょうちぇる¿?,9683,55,Legendary Arena,乱れ雪月花
#YY0PLPCQU,ひいと,8215,71,Clash Fest,乱れ雪月花
#U2Q99QCCP,FAV JACK,8340,62,Clash Fest,tik tok RC
#VCU0PUPUC,ALLAWI♥️ALONE,6335,65,Royal Crypt,No Clan
#LJP9CU0PG,Chest on Chest,10296,83,Lumberlove Cabin,PINK ROYALE
#U0CVC822L,Plpl｜彬彬✨奶茶KONG✊,9436,77,Valkalla,20 WINS COACH
#Q9GV0Y8Y,Luis❤️Balloon,8772,77,PANCAKES!,TT:LUIS_BALLOON
#8JJ80J28,JOSEPH 19 CM,10020,75,Lumberlove Cabin,Totti cup 10
#8VR9QJJLJ,✨Penguin✨,9149,70,Valkalla,Panguin Party
#9QPRJ0RY9,YersonCz,9000,62,Valkalla,Hog
#V0G2JGUUR,Mohamed✨Kun,6872,66,Silent Sanctuary,Majestic lords
#VP9GJYQ2,garducho,11500,80,Summit of Heroes,BILUGA
#VPLVPPYPQ,梦里你还似当年模样,300,5,Bone Pit,一天十发才能进的部落
#209UYGLUPQ,迷路的伊之助,3637,26,Electro Valley,一天十发才能进的部落
#U2Q8RGQL9,桐山漣丨ˇjoker,2141,31,Royal Arena,一天十发才能进的部落
#CJ8VYRVGL,LSP丨dS7,2771,14,Jungle Arena,一天十发才能进的部落
#VLRURPLQP,米卫兵露西亚,3154,25,Hog Mountain,一天十发才能进的部落
#V9VQ0UUQ0,炎柱 煉獄杏寿郎,4236,29,Rascal's Hideout,イレイナ
#20L2GLGUCQ,Aixleft,4070,30,Spooky Town,No Clan
#VGYQQUPC0,LF ｜ 神里夜,4012,24,Spooky Town,苍穹所倾下的寂冷之雨
#VRC8UG0CY,Noelle,4661,38,Serenity Peak,一天十发才能进的部落
#UQCYRC8GC,只因你太美 丨 温州蔡徐坤,4383,29,Rascal's Hideout,一天十发才能进的部落
#UQ089LYR9,丰川祥子,4642,30,Serenity Peak,一天十发才能进的部落
#CLR0L00GJ,clover,6034,32,Royal Crypt,一天十发才能进的部落
#VUR0YJGYG,东隅已逝 桑榆非晚,5710,42,Executioner's Kitchen,No Clan
#UVQYVVG8P,kowich,6560,35,Silent Sanctuary,一天十发才能进的部落
#L22RL0V9V,╔ＲＶＫ❦ＣＯＲＳＡＩＲ╝,6861,71,Silent Sanctuary,一天十发才能进的部落
#V2L9LLGU0,erikson,7567,37,Boot Camp,LIVE ON TWITCH
#V28RYJUR8,yanpig,6739,38,Silent Sanctuary,一天十发才能进的部落
#VVJURR820,上午的吗,9116,55,Valkalla,一天十发才能进的部落
#GUCCLV2YC,玖歌レモン味,7247,44,Dragon Spa,一天十发才能进的部落
#UP08VPC8U,此曲 人散,7938,39,Boot Camp,逍遥游
#VPR8Q28QG,JP_KG,8449,53,Clash Fest,一天十发才能进的部落
#20099R8CL9,NoHaxJustQW,8574,37,PANCAKES!,一天十发才能进的部落
#URGQGJ8YR,我是石头人玩家，我要沉底了,7799,47,Boot Camp,No Clan
#UJPJRR8VG,冰沙,8038,39,Clash Fest,一天十发才能进的部落
#VUQRY89GG,リタ・エインズワース❤️,8103,48,Clash Fest,一天十发才能进的部落
#JVC22UJUC,DT 丨我是高达,8192,52,Clash Fest,一天十发才能进的部落
#9UCPJ92LU,，。,10120,46,Lumberlove Cabin,假卡组研究社
#RYLR829,歆思 汐,9000,62,Valkalla,一天十发才能进的部落
#VGCUYQUYV,吉你萝友,10033,44,Lumberlove Cabin,一天十发才能进的部落
#GCVJVRU2U,Mateo09,10090,50,Lumberlove Cabin,Masters of Hell
#CJQUPLP8Y,星を取る.,10210,68,Lumberlove Cabin,一天十发才能进的部落
#9P9LJPVVU,CODE: sk555,5052,42,Miner's Mine,Myst™️
#20G0RJRRYG,✨️PinkNymphia✨️,7629,51,Boot Camp,No Clan
#GLQJYP90L,Copper108,9175,53,Valkalla,No Clan
#PL0CJVUP,Luczou,5665,77,Executioner's Kitchen,Myst™️
#C2UVLQ28J,Pedro❤️Gabi,9687,70,Legendary Arena,Myst™️
#VJU89YPRU,Hypno❤️ Aladdin,9061,58,Valkalla,WALKING LEGENDS
#JJ08URYYV,lucmucc,1843,19,P.E.K.K.A's Playhouse,No Clan
#VV2YQ9VR9,Kurama,8892,40,PANCAKES!,No Clan
#CURVGCLRQ,naja,9641,42,Legendary Arena,No Clan
#U9V9G0RYC,Stefan der Bär,3306,20,Hog Mountain,My Dooom is CR
#LU9C0L9Q,Diesel Donkie,10704,71,Royal Road,My Dooom is CR
#8GU00UQ0,Matteo,10514,76,Royal Road,My Dooom is CR
#QJ99JYYVC,HUNGRY$GERMAN,10077,69,Lumberlove Cabin,My Dooom is CR
#LYRLY99YV,A L I 3 N ✨ 神,7626,40,Boot Camp,YT Turan CR
#RVUGRGP98,Moon,5302,38,Miner's Mine,502
#20P0G0PU2R,Carlos罗伯托,6952,32,Silent Sanctuary,los sakura
#UQRU0209J,⁵⁰⁴Dariel Hn,7223,36,Dragon Spa,No Clan
#UUUUU8GPC,titi,6163,40,Royal Crypt,ツB-F Family ★
#RU8VYUP9U,MachuBaby,8071,37,Clash Fest,Clan #RUPQGLQY
#JJJ8909G2,Juliana,7773,56,Boot Camp,Clan #RUPQGLQY
#20P2LQG0R2,jesus,9187,42,Valkalla,Clan #RUPQGLQY
#98J8UGJVR,AbouxX,8404,41,Clash Fest,No Clan
#CYYR8JP9R,ANONIMOS[247],8530,42,PANCAKES!,No Clan
#CU9G0CQ0R,Art♥️2.6,7520,57,Boot Camp,No Clan
#U8YQCJ0VJ,nexa,8396,36,Clash Fest,No Clan
#CUQGPCJR0,Faith,10096,83,Lumberlove Cabin,No Clan
#UJ2PRJGGY,Forme✨️,8019,69,Clash Fest,Anime Dream
#UY0J8PPVU,warriorcat,6416,33,Royal Crypt,CODE : FURKAN
#9CGR990YQ,SuMaH,9006,40,Valkalla,No Clan
#YGUV0YV8J,Ronnie,7530,68,Boot Camp,No Clan
#20YU8J0YGV,rjezzzzzy,7681,43,Boot Camp,No Clan
#YC98UYCV,Morter,7923,76,Boot Camp,dixon mckinley
#V2RPQU89Y,Geass,7179,31,Dragon Spa,steins gates >>
#GGG8J00V9,CODE:Viiper,8190,56,Clash Fest,steins gates >>
#PRJJ8RLY0,lorss,9100,45,Valkalla,steins gates >>
#QLLUR8CCP,Emix✨,7500,63,Boot Camp,NoA
#P9VVPG2P0,Курил Бухаев,9000,77,Valkalla,No Clan
#9YP8LU8QY,NoA I Rein,10821,82,Royal Road,NoA
#8CU0JUYRU,しんげき✋,7547,61,Boot Camp,No Clan
#98VLYUR8,あい,7559,53,Boot Camp,No Clan
#2089J98R8C,漫遊日誋♿️クッキーʜɪᴋᴀ,8680,53,PANCAKES!,No Clan
#2R2CV99P,crow,9000,62,Valkalla,change white
#PPRCP9J2G,ソイソース,9210,62,Valkalla,No Clan
#22Y8J9PUR,こさかなりた,9000,68,Valkalla,No Clan
#8Q20LRC8Y,Blossom,11102,76,Musketeer Street,寄付
#2V029LGP,кíкuttｪ☻ັ,10030,65,Lumberlove Cabin,change white
#2GU8GL80C,グッドナイト下川,10060,71,Lumberlove Cabin,change white
#8G892YRG,のあてぃん,7646,75,Boot Camp,change white
#80RG9C2J,ごれます,7800,72,Boot Camp,No Clan
#8C8LR9V9Q,ぼんじりくん,9180,75,Valkalla,change white
#GVGGGPJP,Hajime,8143,78,Clash Fest,change white
#2JRLG8PUQ,RemiEli,7851,76,Boot Camp,YT : RemiEli CR
#PPQJVCRC,YT:KennyCR,10524,77,Royal Road,Granny Hipps
#2CY0RY88,nugg,10807,71,Royal Road,Granny Hipps
#QVGJUJLC,限りない,10009,72,Lumberlove Cabin,Granny Hipps
#UC0QJ2CU9,Hypno ❤️ Nermin,10018,68,Lumberlove Cabin,QuantuM FluX
#VVC2GYY8Q,cherry,10030,60,Lumberlove Cabin,20 WINS COACH
#RJ2UPC900,Griko,10000,70,Lumberlove Cabin,Elite Forcers
#2LJ0ULYCC,ぐりてゃん,11505,82,Summit of Heroes,No Clan
#GPPYR9JYR,Clown,11524,81,Summit of Heroes,Elite Forcers
#GR9L9V2LU,CAPGUN,10214,76,Lumberlove Cabin,Majestic lords
#88UPJU0PG,RN LimHatake,11527,79,Summit of Heroes,Elite Forcers
#CPPJR9CP,@@big daddy@@,8063,60,Clash Fest,No Clan
#G09URR8P9,FF │ Spirit™,8371,64,Clash Fest,No Clan
#22GLJ2JPG,FF｜kazutoon,8036,62,Clash Fest,No Clan
#JR09VJV0,FF｜✨BOSS✨,7774,71,Boot Camp,Elite Forcers
#V8LYUVJRJ,FF｜Xelkha,10372,73,Lumberlove Cabin,Elite Forcers
#UPC0LUU2G,りきちゃん,7040,65,Dragon Spa,No Clan
#RPVRLLRGU,破壊神 Bana,6843,59,Silent Sanctuary,No Clan
#2020U00JR8,TOPGUN,6028,65,Royal Crypt,Elite Forcers
#20YV8LQU88,Shadow F2P,1657,19,P.E.K.K.A's Playhouse,No Clan
#C2RL0PYLV,八哭｜Furina❤️紫棋,10538,79,Royal Road,天空没有极限
#GR8JQLVU2,TT-Asaffffz,4409,18,Spooky Town,bo3 tournament
#UQU9U8JP,shira,4518,29,Rascal's Hideout,עוגיות שוקולד
#GG88YYY2P,talyamel,7376,34,Dragon Spa,The Royal Order
#J02VCV2C0,Asafy☔️,8059,63,Clash Fest,No Clan
#U2YVYGGV2,Woo,9089,72,Valkalla,No Clan
#YQL29VR2,Top Physiquer❄,10026,77,Lumberlove Cabin,Twilight
#2RQ2VYUQ0,황태,9184,74,Valkalla,Kozume
#8CCLCYLCJ,눈보라,10000,76,Lumberlove Cabin,프로미스나인
#2QJ0PRPLJ,ALPHA,10026,74,Lumberlove Cabin,@neko
#UVPPY2R82,sany,8913,44,PANCAKES!,GODS OF WARS
#8PL8CQ08P,DANGER2MOMS,9407,51,Valkalla,India
#P9VULJVLU,Newgo,10062,57,Lumberlove Cabin,Gulfnation
#80LCP0GCR,karthik,10144,66,Lumberlove Cabin,India
#2QJYVLRU9,Xo4ugaming,10057,73,Lumberlove Cabin,India
#CLP828L8,HITCHhiker,9000,50,Valkalla,No Clan
#YPUJJ0L80,segev,6152,34,Royal Crypt,גסטרו טים
#9CLQ0LUR0,shar,6802,29,Silent Sanctuary,גסטרו טים
#J9PCQ2UUV,MilkyWay,5186,27,Miner's Mine,No Clan
#20QYVRL98,Daniel the king,5127,28,Miner's Mine,גסטרו טים
#209Q22YGPC,Motty,4673,28,Serenity Peak,גסטרו טים
#V20YQUQV9,emmy_hamagniva,3575,23,Electro Valley,גסטרו טים
#V82P8Y9YG,Multypro 2.0,1449,14,Builder's Workshop,גסטרו טים
#VP8PYJGQ2,rsgg,30,2,Goblin Stadium,גסטרו טים
#VVYRP92YU,r.s 6,10000,57,Lumberlove Cabin,גסטרו טים
#QCJ8RGLQ9,bsp ofir,9650,45,Legendary Arena,גסטרו טים
#RYV89L8L,Eyal,9567,52,Legendary Arena,גסטרו טים
#2LRRR8R8Q,itamar איתמר,8675,45,PANCAKES!,גסטרו טים
#LRQGYLG99,YonatanG,8763,43,PANCAKES!,גסטרו טים
#290V8QJQ0,sason17,8566,43,PANCAKES!,גסטרו טים
#Y2PUYQ9V,lakaka,8147,41,Clash Fest,גסטרו טים
#2YR9QQLCV,mishel,9237,41,Valkalla,גסטרו טים
#9PYRGY8YG,multypro,7587,37,Boot Camp,גסטרו טים
#9GY9QVC0R,Yanivz1123,7505,40,Boot Camp,גסטרו טים
#LPQ2GYPL,yair king,7093,39,Dragon Spa,גסטרו טים
#C8GC220CQ,DaquaviousBoog,7028,34,Dragon Spa,גסטרו טים
#CJ0L8RRQC,natke2007,6255,33,Royal Crypt,גסטרו טים
#8C9UJ2V0Q,King,6677,33,Silent Sanctuary,penjaneers
#V2LVP2UGV,yaskippa,4646,28,Serenity Peak,Clan  #QLCQCLRY
#20GPRQLGQR,Joshhiikill3r,7112,33,Dragon Spa,COC Royale 3
#200RL9UQG8,Gpro1v,8100,40,Clash Fest,TheLastSpotOpen
#20LV8CL8CQ,Silenc3MC F2P,7339,34,Dragon Spa,EIRE REAL
#V92JGGG9Y,shalev2,7790,38,Boot Camp,negrus
#U2G2Y88QC,iM oN cRaCk,7913,42,Boot Camp,TheLastSpotOpen
#CQLPJYRJG,MATT2,8454,35,Clash Fest,TheLastSpotOpen
#PG009Y0QG,justice,8562,40,PANCAKES!,XD_CLAN
#PQPUGCPJ0,its_amer,8352,42,Clash Fest,TheLastSpotOpen
#200YL0PPUG,FazeOne,7675,36,Boot Camp,No Clan
#QQ2UGCJVC,ofek,8202,43,Clash Fest,ISRAEL RU
#2CYYV8YU,Kenneth,8232,58,Clash Fest,TheLastSpotOpen
#GRL9L880U,ORS,8269,40,Clash Fest,TheLastSpotOpen
#V00LCPPP8,CR7_ADAM عمك,8080,43,Clash Fest,عرب
#RCY28VL,!Mk69,9754,53,Legendary Arena,TheLastSpotOpen
#8G29GRLG,Baby Dragon,8815,59,PANCAKES!,TheLastSpotOpen
#UPGVRJP8,Retrobumhair2,9214,45,Valkalla,TheLastSpotOpen
#2V8PLYURV,MAHDI 776,9870,53,Legendary Arena,TheLastSpotOpen
#2JYLVCJ98,ringo,9500,47,Legendary Arena,No Clan
#VRGQP2VJ9,Kobelpot,9576,44,Legendary Arena,TheLastSpotOpen
#GYG0C9J0C,עמנואל,8846,44,PANCAKES!,No Clan
#URJQGLU28,megashawty67,1871,20,P.E.K.K.A's Playhouse,weHateMegaNight
#VPGGG8CU2,tinyshawty69,3429,25,Electro Valley,weHateMegaNight
#U0UUCVUL2,mb cuh,2181,22,Royal Arena,weHateMegaNight
#J9UCVGVRJ,iwantaspaceship,2030,19,Royal Arena,weHateMegaNight
#20LU88PUY0,peaeaxx,1957,20,P.E.K.K.A's Playhouse,No Clan
#V2QVYUYV8,alyssa.b,4479,30,Rascal's Hideout,weHateMegaNight
#20R0R20CL2,wildguy02,3400,28,Electro Valley,weHateMegaNight
#9CJ280P8Q,TheBIGcheese130,6799,37,Silent Sanctuary,weHateMegaNight
#J0J9RUQRJ,a name,4260,29,Rascal's Hideout,No Clan
#VYUYYUYRP,monkey,4921,32,Serenity Peak,weHateMegaNight
#20PRCYLL2Y,SSGodzillaPG,4412,28,Rascal's Hideout,No Clan
#U82YP0JJJ,bulletdog22,5680,34,Executioner's Kitchen,weHateMegaNight
#V92JV8PPJ,yourFBIagent,7060,35,Dragon Spa,NIce Good GamER
#YLVL2QGQ9,kumo,7385,38,Dragon Spa,weHateMegaNight
#V0VR0JQQ8,im crying,7500,37,Boot Camp,weHateMegaNight
#U8JVC9U2J,superbugsy,6681,38,Silent Sanctuary,weHateMegaNight
#20GUCRJPVG,DooDoo,6011,32,Royal Crypt,No Clan
#V2CG8PUC2,doitjigglelol,6117,28,Royal Crypt,weHateMegaNight
#CVV90LVR0,"antwanbiggins""",7430,38,Dragon Spa,weHateMegaNight
#UP8Q0V02Y,marz,6655,34,Silent Sanctuary,weHateMegaNight
#YL2L2RRP2,Mr Fizzy,6789,36,Silent Sanctuary,weHateMegaNight
#UVGYQ90JJ,wiebe,7449,34,Dragon Spa,weHateMegaNight
#L0PRGJGYV,bux,7661,45,Boot Camp,weHateMegaNight
#U8GQC9G20,IXx CHIP xXI,7220,39,Dragon Spa,weHateMegaNight
#22UGVR2Q,WolfDragon,7330,45,Dragon Spa,No Clan
#GJUV29C80,big boi,7488,41,Dragon Spa,weHateMegaNight
#LP2GRQPP2,Honda Odyssey,8176,45,Clash Fest,weHateMegaNight
#GV2RLPRQ8,angel,8002,49,Clash Fest,AMG
#8QRJ2PGJ9,ShredThePred,8000,46,Clash Fest,weHateMegaNight
#UVQGLCUQP,Theelegendplayz,8158,40,Clash Fest,No Clan
#U9GVP0LYJ,candymann,8838,42,PANCAKES!,No Clan
#GVGGV2R82,LavaLampDrinker,8510,43,PANCAKES!,weHateMegaNight
#U0J2LQ0PP,chix,9060,46,Valkalla,weHateMegaNight
#GCCU2C92P,sausage,8500,45,PANCAKES!,weHateMegaNight
#G22JGYC0U,Mavotic,9317,50,Valkalla,weHateMegaNight
#V98PP289U,pillow,9001,63,Valkalla,weHateMegaNight
#UC2CYL2PG,PEKKA>MK,9139,52,Valkalla,weHateMegaNight
#JJLYJ2CGY,RemGod MINI,9231,48,Valkalla,No Clan
#UV82CLJRU,eitan,6530,35,Silent Sanctuary,הכושים
#208YPVY2PL,splinter,6768,29,Silent Sanctuary,SuperJEWS
#CUJ0C2JGC,elroi manzur,5502,33,Executioner's Kitchen,SuperJEWS
#UCJGLUCCU,ilay,5700,31,Executioner's Kitchen,SuperJEWS
#RJL0RRUYL,Ilay,6616,34,Silent Sanctuary,SuperJEWS
#28QLQLU2U,ULTRAS HAPOEL,6195,32,Royal Crypt,SuperJEWS
#JCRLQ2L9,Elitos,6405,37,Royal Crypt,SuperJEWS
#UJ8LPLPVC,خالد,7217,41,Dragon Spa,SuperJEWS
#GQLV92QY,jorden,7332,43,Dragon Spa,Uri Caduri
#QCYG9QJ,DuDu,6774,37,Silent Sanctuary,SuperJEWS
#R0P9LL8P0,nitay bc,6934,35,Silent Sanctuary,SuperJEWS
#9P9298UCP,ido,6847,38,Silent Sanctuary,SuperJEWS
#VYUY8J000,נועם המלך,6892,39,Silent Sanctuary,SuperJEWS
#22V028UJJ,צ׳ןצ׳ן גורו,7060,35,Dragon Spa,SuperJEWS
#LR009Q9,bar the king,7162,43,Dragon Spa,SuperJEWS
#2CGP089YC,pingo,7171,41,Dragon Spa,SuperJEWS
#YLY9J9Q8V,nadav,7833,42,Boot Camp,SuperJEWS
#V2JLPG22J,CREEPERBOOST,7629,50,Boot Camp,SuperJEWS
#R29CCCVUC,omerco,7870,42,Boot Camp,SuperJEWS
#8LYJJJJCJ,leon11111,8054,38,Clash Fest,SuperJEWS
#CJCLQVJVJ,ammro,7870,38,Boot Camp,No Clan
#Y02890CQJ,betinho,8211,46,Clash Fest,SuperJEWS
#Q2QLVQ9RU,Eitan BS,8679,49,PANCAKES!,SuperJEWS
#J2P8PYR9L,okok,9137,41,Valkalla,פלגה ד
#20PLV9Y99V,shvimer,8218,41,Clash Fest,Clan #G9V8YYQV
#VVL8UQPJQ,Nehoray,8073,51,Clash Fest,SuperJEWS
#QV2PG8J9J,koren,8303,45,Clash Fest,המגבוניה השישית
#CCLLV8QLY,yoavHio,8530,47,PANCAKES!,SuperJEWS
#YURL29RR2,Love_Your_MaMa,8955,50,PANCAKES!,SuperJEWS
#CYVVGV8,maitan12,8776,49,PANCAKES!,SuperJEWS
#CLJCQ8J,shay kerklies,9560,46,Legendary Arena,SuperJEWS
#8CUPY8QY,a.t,9120,67,Valkalla,SuperJEWS
#V99V9UGGJ,Axolito,390,4,Bone Pit,mdjt
#2008Y9L220,captain absalom,2300,34,Frozen Peak,adi sabagi
#J0L02Y00U,peni5,2473,36,Frozen Peak,adi sabagi
#20PPPY0RG2,אנס סדרתי,5796,30,Executioner's Kitchen,adi sabagi
#G8RV2PUYP,Noamboy,3910,26,Spooky Town,adi sabagi
#UJRVUGJPQ,sabagi,7180,32,Dragon Spa,adi sabagi
#UY00C08YQ,shadmi,4757,30,Serenity Peak,adi sabagi
#J8UPJP8CC,Winz,4749,29,Serenity Peak,adi sabagi
#2088Y0GUL2,Hornet,5610,30,Executioner's Kitchen,No Clan
#UU9LP2CCL,Matan katan,5699,31,Executioner's Kitchen,adi sabagi
#UUCG8URVV,Nadavs,6639,27,Silent Sanctuary,adi sabagi
#8LGLPCJ28,rani,6365,39,Royal Crypt,adi sabagi
#2009GG8C0P,gon,6856,35,Silent Sanctuary,adi sabagi
#JR8JPY998,deez,6805,37,Silent Sanctuary,adi sabagi
#8P9VQRG0Q,אייל המלך,7542,37,Boot Camp,adi sabagi
#V0VG9RP0R,lahav,7564,39,Boot Camp,adi sabagi
#C0VLYGRU9,BigManDanik,8181,39,Clash Fest,los expulsados
#88C2QY92C,katzar,7025,37,Dragon Spa,adi sabagi
#V0QY8VJVC,assafa,7834,39,Boot Camp,adi sabagi
#UV9PGQ8Y0,Maman,7786,38,Boot Camp,adi sabagi
#PRC09VJVP,king,7393,40,Dragon Spa,adi sabagi
#LURLVJQYY,Mister Teddy,8061,39,Clash Fest,adi sabagi
#GUU99UPJQ,Rosen,7530,37,Boot Camp,adi sabagi
#U0C9RRCLQ,Tal,7532,34,Boot Camp,adi sabagi
#LQJC8PC8C,Juanti!,8595,49,PANCAKES!,adi sabagi
#CYCQJYQ22,nab,10126,60,Lumberlove Cabin,adi sabagi
#9CP2U8VC2,אופק,8632,41,PANCAKES!,adi sabagi
#20PJJU0YLG,bbbbb,10000,42,Lumberlove Cabin,adi sabagi
#GQYJUVYUU,מיכאל המלך,8745,36,PANCAKES!,adi sabagi
#R29PY220,dark prins,8588,51,PANCAKES!,adi sabagi
#2Q90J8J2V,MEX Ramos I,10000,58,Lumberlove Cabin,Devious
#V9PV0GVRL,Kicia Kocia,3470,30,Electro Valley,Calisthenics
#VJCP9YP09,donek,6562,31,Silent Sanctuary,Calisthenics
#VCJRVJVYG,Warki,6243,36,Royal Crypt,Calisthenics
#JQ0P0J9VP,UruhHai21,7264,33,Dragon Spa,No Clan
#J08QY0RPQ,juan,7566,42,Boot Camp,Calisthenics
#J9GVJV2JJ,superlopez_1968,7706,37,Boot Camp,Calisthenics
#QVU0R8QP8,Miki,7045,38,Dragon Spa,No Clan
#RCQ9RV2GV,Foxuu,7247,39,Dragon Spa,Calisthenics
#GGYP2GC8V,Mitold,7565,38,Boot Camp,Calisthenics
#V8CU8LYJQ,Chigga,7443,37,Dragon Spa,Calisthenics
#2029J9RPGL,seoul,8149,39,Clash Fest,我门爱啤酒！
#8R2UYPUJY,Aniok,7714,40,Boot Camp,Calisthenics
#8LRYP8CQV,wiki,8538,44,PANCAKES!,Calisthenics
#UVLRCV08Q,cretyn,8389,42,Clash Fest,Calisthenics
#U0GU9UCY8,ALBARO:3,7842,40,Boot Camp,No Clan
#8208PGUV0,Kubix,8392,43,Clash Fest,Calisthenics
#989YG9929,suvradip,9922,55,Legendary Arena,Calisthenics
#JYJ8CUV00,NurDerHsv,8740,51,PANCAKES!,Calisthenics
#QVUYLYYR0,jaki,8530,43,PANCAKES!,Calisthenics
#YJ0UQPJJQ,gnatWRLD,8789,46,PANCAKES!,Calisthenics
#V22JP8Y8L,uh.zak,9501,42,Legendary Arena,Calisthenics
#J9PV92RGU,4L3X1N,9276,55,Valkalla,Calisthenics
#LJ2822YGP,mightymouse14,3563,22,Electro Valley,goon
#V8Y8QPL8Q,noob,4146,28,Spooky Town,No Clan
#8LL2Y8LGL,Tedster,3987,32,Spooky Town,goon
#UUGQUV9RL,Cumler,6405,36,Royal Crypt,Beliveau clan
#9V98QJUYU,TacoDan,6407,35,Royal Crypt,No Clan
#UUV8U9QVU,large,7167,41,Dragon Spa,goon
#YCYR2QGPV,piciu28,6870,35,Silent Sanctuary,goon
#200YVYVY0Q,TheLimeeDino,7560,38,Boot Camp,goon
#C8JJYYJPR,PridefulWeeb,7148,37,Dragon Spa,No Clan
#920220VUL,booradley,7477,40,Dragon Spa,goon
#LRGJPYJG0,hi,7170,38,Dragon Spa,No Clan
#990RV8Q9G,Overwatcher310,7683,39,Boot Camp,goon
#V0QYRRGV9,Clasher,7823,37,Boot Camp,goon
#CG2LCYUV,Destroyer,8647,38,PANCAKES!,goon
#GJU0GU9C0,Clasher,9615,42,Legendary Arena,No Clan
#LQY2C9UQ8,Stef_5,8000,42,Clash Fest,No Clan
#GQUUCJG0G,bxtsht,8261,46,Clash Fest,goon
#C8QQCRP2P,na$ty,8117,42,Clash Fest,goon
#QRULCQVVP,buster66,8122,44,Clash Fest,goon
#GGU9V8P9R,SoccergoatMLA,7845,40,Boot Camp,No Clan
#QG882JPR9,*THE NOTRIOUS*,9201,42,Valkalla,goon
#RCY8JCV9G,brayi,8231,41,Clash Fest,No Clan
#J0UL09UJC,will,9032,41,Valkalla,Big Ds
#JQVGV88JR,בננה רקובה,8656,43,PANCAKES!,dragon fires
#98VUUQQPY,Ice Golem,10121,55,Lumberlove Cabin,goon
#GQR9UPV2R,cqrdin,9128,42,Valkalla,No Clan
#9PL0CUGPR,shaibot73 (^_^),9101,44,Valkalla,No Clan
#2QLCJQL99,itsWonton,9121,40,Valkalla,No Clan
#V990VPYLG,idangg,5573,29,Executioner's Kitchen,TheGang
#VU0UCJCYC,One Trick Miner,5025,26,Miner's Mine,TheGang
#RQ89QGP9C,yaniv,7418,38,Dragon Spa,TheGang
#VR9L8RCC0,THE GOAT,6530,36,Silent Sanctuary,TheGang
#U2JRLQCYR,iVexyQu❦,8248,41,Clash Fest,TheGang
#YGRY082LJ,Daniel king,7657,44,Boot Camp,TheGang
#VCU2GPRRV,DanielTGメ,7068,37,Dragon Spa,TheGang
#GVY90P9RQ,lil,10133,55,Lumberlove Cabin,TheGang
#20Y0UU2VVL,Adam,702,6,Barbarian Bowl,shrek
#UQVVG9JC8,mothana,1061,10,Spell Valley,shrek
#20989VRPPP,iwo,1088,11,Spell Valley,shrek
#UYRQQQQLG,Rambo,2103,18,Royal Arena,shrek
#GCCV29RYL,LEGEND,2542,24,Frozen Peak,shrek
#V2YC22QRV,بطه,4015,29,Spooky Town,shrek
#PLVJ9LC8G,(c5)abo waseem,3974,25,Spooky Town,shrek
#209UQUGP0P,Shrek,5434,33,Miner's Mine,Royal Bunghole
#V2CLV0Y09,zero,5029,25,Miner's Mine,shrek
